XYDATA,TRP_lipid-000_12-11-25-1,TRP_lipid-005_12-11-25-1,TRP_lipid-010_12-11-25-1,TRP_lipid-015_12-11-25-1,TRP_lipid-020_12-11-25-1,TRP_lipid-025_12-11-25-1,TRP_lipid-030_12-11-25-1,TRP_lipid-035_12-11-25-1,TRP_lipid-040_12-11-25-1,TRP_lipid-045_12-11-25-1,TRP_lipid-050_12-11-25-1
300.0000,100.373,105.84,112.71,117.988,123.031,128.114,135.45,139.547,145.311,150.497,156.655
300.5000,107.81,113.27,120.008,124.986,130.455,135.096,142.482,146.549,152.306,157.084,163.423
301.0000,116.299,121.75,128.366,133.125,138.455,143.004,150.476,154.365,159.951,164.829,171.192
301.5000,124.101,129.548,136.093,140.541,145.723,150.204,158.008,161.319,167.102,171.715,178.143
302.0000,135.615,140.772,147.251,151.329,156.4,160.936,168.643,171.865,177.719,182.194,188.337
302.5000,148.489,153.473,160.246,163.924,168.893,173.235,180.926,183.816,189.631,194.205,200.072
303.0000,160.943,165.962,172.226,176.333,180.956,184.911,192.721,195.368,201.179,205.555,211.549
303.5000,175.776,180.413,186.266,190.335,194.662,198.207,206.115,208.531,214.279,218.668,224.21
304.0000,189.79,194.045,199.77,203.571,207.862,211.231,218.992,221.192,226.704,231.156,236.168
304.5000,205.734,209.58,215.329,218.742,223.011,226.218,233.51,235.615,241.146,245.177,249.84
305.0000,224.283,227.461,233.02,235.945,240.002,243.145,250.043,252.036,257.595,261.028,265.764
305.5000,238.539,241.843,247.035,249.706,253.624,256.362,262.993,264.987,270.411,273.659,278.214
306.0000,258.771,261.238,266.042,268.985,272.632,274.762,281.059,283.007,288.019,291.046,295.43
306.5000,274.436,276.416,281.186,283.917,287.282,289.223,295.246,297.224,301.682,304.696,308.783
307.0000,296.192,297.694,302.351,304.604,307.55,309.123,315.105,317.074,320.706,323.598,327.178
307.5000,313.262,314.24,318.714,320.665,323.264,324.491,330.603,332.242,335.769,338.345,341.614
308.0000,336.777,337.083,341.416,342.818,345.478,345.988,351.962,353.342,356.409,358.727,361.559
308.5000,359.249,359.094,362.726,364.159,366.434,366.589,372.42,373.239,376.554,378.207,380.652
309.0000,380.461,379.501,382.7,384.05,385.794,385.52,391.376,391.793,394.784,396.023,398.504
309.5000,404.663,402.778,405.808,406.888,407.635,407.021,413.173,412.859,414.801,416.173,417.911
310.0000,427.349,424.94,426.97,428.05,428.049,426.694,433.437,431.981,433.526,434.538,436.044
310.5000,451.349,447.936,449.319,449.652,449.648,447.29,453.761,451.755,452.655,453.493,454.061
311.0000,478.153,473.547,474.982,474.426,473.683,470.91,476.911,473.901,474.422,474.692,474.529
311.5000,503.017,498.167,499.272,497.595,496.473,493.231,498.807,495.238,495.489,494.76,494.005
312.0000,531.844,525.668,526.318,524.177,521.609,518.222,523.055,518.892,519.016,517.747,516.414
312.5000,558.32,551.703,551.653,548.854,545.399,541.715,546.254,541.59,540.851,539.123,537.541
313.0000,588.442,580.819,580.195,576.452,572.31,567.968,571.54,566.827,566.065,563.383,561.039
313.5000,617.058,608.247,607.041,602.705,597.596,592.651,595.317,590.783,589.584,586.232,583.078
314.0000,648.57,638.601,637.035,632.03,626.218,620.375,622.097,617.506,615.626,612.068,608.463
314.5000,683.831,672.457,670.895,664.613,657.871,651.352,652.209,647.452,644.561,640.516,636.496
315.0000,710.69,698.482,696.511,689.737,682.029,675.359,674.947,670.476,667.1,662.166,657.644
315.5000,747.356,733.609,731.182,723.468,714.88,707.161,706.085,701.026,697.595,691.551,686.43
316.0000,775.724,760.644,757.484,748.952,740.194,731.317,729.986,724.543,720.821,714.485,708.595
316.5000,813.825,797.327,793.714,783.774,774.571,764.238,762.916,756.456,751.935,744.623,737.977
317.0000,849.438,831.531,826.986,816.942,806.006,795.33,793.276,786.072,781.363,773.214,766.069
317.5000,882.466,863.029,858.045,847.625,835.022,824.013,821.548,813.188,808.583,799.708,791.992
318.0000,915.152,895.137,889.546,878.124,864.825,853.131,849.976,841.33,836.276,826.079,818.34
318.5000,951.614,930.272,924.441,911.786,897.699,885.215,881.816,872.236,866.845,855.902,847.897
319.0000,985.813,963.048,956.864,943.262,928.158,915.024,911.219,901.245,895.447,883.637,875.15
319.5000,1023.81,999.294,992.953,978.772,962.447,948.961,943.963,934.028,927.349,914.65,905.475
320.0000,1058.4,1032.25,1026.15,1011.43,994.338,979.549,974.175,963.931,956.876,943.787,933.798
320.5000,1097.2,1070.2,1062.73,1047.24,1029.22,1013.91,1007.96,997.861,990.268,975.948,965.088
321.0000,1140.2,1111,1103.85,1086.73,1068.35,1051.76,1045.86,1035.29,1027.05,1011.12,1000.57
321.5000,1172.06,1141.87,1134.87,1116.85,1097.96,1080.92,1074.47,1063.07,1054.97,1038.43,1027.1
322.0000,1214.81,1183.79,1176.43,1157.55,1137.73,1119.74,1113.41,1101.31,1092.93,1075.61,1063.79
322.5000,1247.49,1215.91,1208.25,1188.71,1167.75,1149.31,1142.95,1130.23,1121.3,1103.12,1091.63
323.0000,1291.71,1259.51,1250.51,1230.54,1208.37,1188.87,1182.73,1168.77,1160.04,1140.59,1128.75
323.5000,1332.57,1298.88,1290.18,1269.09,1245.47,1225.41,1219.16,1204.6,1195.38,1175.48,1162.67
324.0000,1369.57,1334.71,1326.05,1304.69,1279.49,1259.01,1252.88,1237.03,1228.04,1207.5,1194
324.5000,1408.1,1371.24,1361.92,1339.7,1314.42,1292.96,1286.51,1270.18,1261.18,1239.26,1225.41
325.0000,1450.68,1412.16,1401.49,1378.37,1353.18,1330.21,1323.78,1306.77,1297.97,1274.91,1260.51
325.5000,1488.12,1449.34,1437.32,1414.26,1388.29,1364,1357.5,1340.34,1331.25,1308.05,1292.2
326.0000,1529.91,1490.68,1477.59,1453.83,1426.84,1401.77,1394.59,1377.12,1368.02,1344.36,1328.07
326.5000,1567.62,1527.78,1514.13,1489.44,1461.37,1436.06,1428.48,1410.93,1400.84,1377.23,1360.19
327.0000,1609.23,1568.12,1554.41,1528.53,1500.39,1473.66,1466.12,1447.28,1437.77,1413.16,1395.55
327.5000,1655.74,1613.13,1598.55,1571.99,1541.92,1514.77,1506.26,1488.28,1478.33,1452.63,1433.95
328.0000,1690.22,1645.82,1631.59,1604.16,1573.38,1546.13,1537.13,1518.56,1508.79,1482.43,1462.34
328.5000,1734.62,1689.81,1675.42,1646.44,1615.35,1587.5,1577.72,1559.04,1548.97,1522.04,1501.3
329.0000,1768.71,1722.69,1707.79,1679.23,1647.18,1617.97,1607.92,1588.94,1578.61,1550.74,1529.78
329.5000,1814.45,1766.82,1751.15,1721.63,1689.55,1658.02,1648.29,1628.5,1617.75,1589.34,1568.02
330.0000,1852.11,1802.87,1786.88,1756.07,1724.11,1691.99,1682.48,1661.38,1650.12,1621.6,1599.77
330.5000,1893.05,1842.04,1825.85,1794.48,1762.7,1728.42,1719.25,1697.65,1686.04,1657,1634.29
331.0000,1930.03,1877.81,1861.55,1829.53,1796.93,1761.79,1752.9,1730.34,1717.79,1688.98,1665.64
331.5000,1969.28,1916.19,1900.43,1867.88,1834.43,1797.47,1790.16,1766.5,1753.17,1723.39,1699.57
332.0000,2005.84,1951.47,1934.67,1902.27,1867.61,1829.97,1822.77,1798.16,1785.12,1754.22,1729.85
332.5000,2044.72,1989.42,1972.35,1939.6,1904.07,1866,1858.37,1833.24,1819.87,1788.54,1763.2
333.0000,2087.86,2031.19,2012.59,1979.32,1943.93,1903.9,1896.49,1871.47,1857.02,1825.29,1798.66
333.5000,2119.13,2061.82,2042.51,2009.27,1973.07,1932.47,1924.99,1899.54,1884.66,1852.52,1825.98
334.0000,2159.7,2101.78,2082.44,2047.6,2011.39,1969.61,1962.02,1935.95,1920.21,1887.88,1860.72
334.5000,2193.52,2134.69,2114.49,2078.77,2042.47,2000.41,1992.56,1966.02,1950.13,1917.09,1890.26
335.0000,2230.36,2170.56,2149.68,2112.28,2076.76,2033.91,2026.47,1998.72,1983.02,1948.36,1921.1
335.5000,2262.32,2202.28,2181.28,2142.71,2107.01,2063.69,2055.74,2027.54,2012.05,1976.2,1949.25
336.0000,2297.97,2235.85,2215.14,2176.38,2139.64,2095.26,2087.72,2059.32,2043.14,2006.73,1978.96
336.5000,2329.48,2266.6,2245.58,2206.31,2169.33,2124.14,2116.35,2087.44,2070.83,2033.98,2005.23
337.0000,2363.24,2299.43,2277.99,2238.98,2201.1,2155.25,2146.38,2118.25,2100.76,2063.83,2033.9
337.5000,2398.78,2334.84,2312.16,2272.68,2235.2,2188.14,2179.06,2150.06,2132.42,2095.09,2064.23
338.0000,2425.83,2361.2,2337.16,2297.64,2259.51,2212.89,2203.25,2173.28,2155.38,2117.67,2086.38
338.5000,2460.61,2394.27,2370.32,2331.4,2292.13,2244.67,2234.54,2203.67,2186.12,2147.16,2116.07
339.0000,2488.56,2422.06,2397.22,2357.93,2318.49,2269.99,2259.32,2227.94,2210.66,2171.53,2139.39
339.5000,2518.82,2451.88,2426.16,2385.81,2346.21,2297.06,2286.33,2255.27,2237.17,2197.42,2165.29
340.0000,2545.77,2477.72,2451.81,2411.41,2371.22,2321.5,2310.03,2278.75,2260.05,2220.08,2186.94
340.5000,2574.68,2505.53,2479.32,2438.42,2398.25,2346.69,2335.9,2303.86,2285.1,2244.73,2211.09
341.0000,2600.18,2529.51,2503.74,2461.73,2421.36,2369.23,2358.6,2326.41,2307.25,2266.56,2232.51
341.5000,2626.58,2555.21,2528.74,2487.16,2446.35,2393.6,2382.99,2350.86,2330.66,2290.15,2256.03
342.0000,2654.62,2583.08,2555.84,2512.55,2472.41,2419.05,2408.21,2377,2355.18,2314.95,2280.22
342.5000,2674.2,2603.37,2575.71,2531.74,2490.98,2437.42,2425.44,2395.35,2373.25,2333,2297.5
343.0000,2700.24,2628.92,2601.32,2557.4,2514.86,2460.88,2449.46,2418.21,2396.2,2356.31,2320.65
343.5000,2721.54,2648.74,2622.34,2576.67,2534.99,2480.42,2468.35,2437.09,2414.32,2374.25,2339.07
344.0000,2744.18,2669.86,2644.2,2597.11,2556.2,2500.29,2489.51,2456.55,2434.22,2394.09,2357.62
344.5000,2763.45,2687.74,2662.87,2616.38,2574.64,2518.41,2507.32,2474.24,2450.78,2411.33,2374.32
345.0000,2783.85,2708.16,2682.85,2636.51,2593.05,2537.81,2526.18,2493.17,2468.76,2429.19,2391.25
345.5000,2800.66,2724.94,2699.54,2652.56,2610.21,2554.09,2542.68,2508.42,2484.11,2444.19,2406.3
346.0000,2819.41,2743.35,2717.56,2669.75,2627.63,2570.88,2559.37,2525.4,2500.06,2459.82,2422.52
346.5000,2839.69,2763.22,2736.56,2688.38,2644.91,2588.04,2576.54,2542.57,2517.2,2475.77,2439.11
347.0000,2854.4,2777.94,2750.91,2702.45,2658.61,2602.46,2590.97,2556.31,2530.42,2489.87,2451.96
347.5000,2869.87,2792.64,2765.53,2717.08,2672.66,2617.7,2605.11,2570.87,2544.31,2504.13,2466.57
348.0000,2883.11,2805.6,2779.09,2730.77,2686.19,2630.09,2616.82,2583.53,2556.3,2515.78,2478.09
348.5000,2896.68,2819.35,2793.03,2744.28,2698.84,2643.32,2628.84,2595.95,2569.16,2528.41,2490.76
349.0000,2908.5,2830.29,2803.73,2755.5,2709.85,2654.03,2639.84,2606.73,2580.38,2539,2501.1
349.5000,2921.83,2842.63,2814.49,2767.07,2721.2,2665.65,2650.49,2617.77,2590.96,2550.09,2512.07
350.0000,2933.13,2854.36,2827,2777.86,2732.77,2677.51,2662.03,2629.36,2601.66,2561.27,2523.5
350.5000,2942.95,2863.29,2836.22,2786.75,2741.78,2686.11,2670.55,2637.42,2610.31,2569.27,2531.28
351.0000,2951.45,2871.13,2845.38,2795.06,2749.95,2695,2680.14,2646,2619.13,2577.89,2540.16
351.5000,2959.42,2878.43,2852.94,2802.64,2757.67,2702.45,2687.25,2652.52,2626.18,2584.08,2547
352.0000,2967.14,2885.49,2860.21,2810.5,2764.85,2709.8,2694.4,2660.29,2633.41,2591.1,2553.95
352.5000,2973.07,2891.15,2866.5,2816.96,2770.25,2715.65,2700.47,2666.47,2639.27,2597.46,2558.92
353.0000,2979.36,2897.17,2872.63,2823.62,2776.63,2720.88,2705.8,2671.77,2643.61,2603.64,2563.95
353.5000,2984.45,2901.48,2877,2828.3,2781.28,2724.58,2709.76,2676.32,2648.11,2608.1,2567.75
354.0000,2989.08,2906.56,2881.66,2832.23,2785.5,2729.05,2714.15,2680.58,2652.4,2612.51,2572.11
354.5000,2993.48,2909.74,2885.22,2836.41,2789.08,2732.47,2717.43,2684.02,2655.89,2616.71,2575.28
355.0000,2996.27,2912.07,2888.25,2838.62,2791.94,2734.86,2720.24,2686.7,2658.13,2618.46,2577.86
355.5000,2998.83,2913.87,2890.04,2840.6,2794.14,2736.09,2722.33,2689.39,2660.01,2620.2,2579.84
356.0000,2999.73,2914.82,2891.89,2841.35,2795.19,2736.13,2723.39,2691.08,2662.02,2621.92,2581.71
356.5000,3000.53,2915.84,2893.31,2840.89,2796.78,2736.15,2724.34,2691.78,2662.57,2622.96,2583.13
357.0000,3001.06,2914.95,2893.15,2840.87,2796.39,2736.39,2724.58,2691.31,2662.64,2623.42,2582.82
357.5000,3001.09,2914.09,2892.04,2841.24,2795.44,2736.5,2724.23,2690.57,2662.47,2623,2582.35
358.0000,2999.27,2912.55,2890.52,2838.77,2793.54,2734.41,2722.7,2689.45,2661.43,2621.48,2581.16
358.5000,2997.32,2909.77,2887.9,2836.5,2791,2732.73,2720.25,2687.25,2659.37,2619.44,2579.19
359.0000,2994.31,2907.34,2885.48,2834.41,2788.62,2730.61,2717.75,2685.05,2656.81,2617.3,2576.99
359.5000,2991.06,2903.63,2881.96,2830.72,2785.42,2728.11,2714.58,2680.97,2654.45,2613.47,2573.82
360.0000,2987.46,2899.36,2878.61,2827.48,2782.45,2724.31,2710.99,2677.28,2651.63,2609.76,2569.85
360.5000,2982.04,2894.04,2873.74,2823.09,2777.98,2720.5,2707.64,2673.15,2646.92,2605.31,2566.34
361.0000,2976.12,2889.03,2868.52,2817.85,2772.7,2715.82,2703.56,2668.53,2642.63,2600.36,2561.97
361.5000,2968.95,2882.15,2861.9,2812.08,2764.9,2709.88,2697.38,2661.91,2637.44,2593.65,2556.27
362.0000,2961.35,2875.08,2854.1,2805.29,2757.8,2703.26,2689.97,2656.12,2630.93,2586.96,2549.93
362.5000,2954.38,2868.03,2847.54,2798.32,2751.45,2695.98,2683.47,2649.22,2625.79,2580.12,2543.86
363.0000,2946.35,2859.41,2839.89,2789.92,2744.47,2687.71,2675.56,2642.05,2618.55,2572.81,2537.76
363.5000,2938.92,2851.13,2832.71,2782.57,2736.67,2680.5,2667.65,2634.69,2612.24,2565.41,2531.31
364.0000,2928.71,2841.35,2822.47,2773.94,2727.79,2672.24,2658.46,2625.94,2604.04,2557.13,2522.59
364.5000,2918.76,2831.84,2813.2,2764.48,2719.24,2663.99,2650.2,2617.41,2596.28,2549.16,2514.92
365.0000,2906.29,2820.38,2801.39,2752.51,2707.33,2652.43,2638.83,2607.18,2586.4,2537.74,2505.38
365.5000,2894.5,2808.93,2790.27,2741.54,2695.99,2640.93,2628.31,2596.42,2576.58,2527.3,2494.21
366.0000,2882.9,2797.79,2779.41,2730.68,2684.82,2630.08,2617.73,2585.99,2567.42,2517.71,2484.31
366.5000,2870.19,2785.61,2766.48,2718.35,2672.3,2618.23,2606.07,2574.46,2555.03,2505.83,2472.46
367.0000,2857.26,2773.99,2754.7,2706.44,2660.93,2607.15,2593.81,2563.42,2544.11,2494.76,2462.13
367.5000,2840.83,2758.63,2739.68,2691.09,2646.28,2592.87,2579.23,2548.95,2530.55,2480.85,2447.99
368.0000,2825.52,2743.65,2725.18,2677.21,2631.91,2578.7,2565.12,2535.23,2517.01,2467.51,2435.45
368.5000,2810.71,2729.82,2710.92,2664,2618,2565.85,2551.9,2522.69,2503.56,2455.01,2423.82
369.0000,2794.66,2714.38,2694.34,2648.54,2603.61,2550.63,2536.74,2508.19,2488.97,2440.34,2409
369.5000,2778.89,2699.72,2678.83,2633.34,2588.23,2537.15,2523.08,2495.05,2475.41,2426.95,2395.57
370.0000,2761,2682.56,2661.74,2616.21,2572,2520.78,2506.91,2478.71,2459.32,2411.24,2380.12
370.5000,2744.19,2666.75,2645.2,2600.62,2557.15,2505.14,2491.02,2463.42,2444.34,2395.98,2365.61
371.0000,2722.76,2646.47,2625.39,2580.75,2537.41,2486.89,2472.92,2445.56,2426.66,2378.54,2348.4
371.5000,2703.6,2628.35,2606.65,2562.19,2519.38,2469.58,2455.77,2428.4,2408.69,2361.93,2331.96
372.0000,2686.51,2610.79,2589.04,2545.15,2502.5,2453.6,2439.2,2412.19,2392.69,2346.09,2317.25
372.5000,2665.58,2591.15,2569.12,2524.63,2482.72,2435.1,2420.91,2393.56,2374.91,2328,2300.5
373.0000,2646.64,2572.72,2550.47,2506.34,2464.14,2417.39,2404.25,2375.57,2358.42,2311.94,2284.51
373.5000,2622.37,2550.46,2527.85,2484.88,2441.79,2396.21,2383.65,2353.6,2337.45,2292.02,2265.35
374.0000,2600.25,2529.17,2505.45,2464.64,2420.85,2377.32,2364.1,2333.7,2317.64,2272.47,2245.91
374.5000,2579.25,2509.58,2485.7,2445.85,2400.88,2359.52,2345.83,2315.98,2299.22,2255.4,2228.16
375.0000,2555.5,2487.17,2463.57,2424.21,2379.65,2338.72,2324.63,2295.93,2279.17,2235.3,2209.03
375.5000,2533.55,2466.76,2443.51,2403.6,2360.25,2319.08,2305.17,2277.34,2260.16,2216.99,2190.53
376.0000,2507.39,2441.56,2418.53,2379.41,2335.49,2295.61,2281.89,2254.37,2237.45,2193.98,2169.03
376.5000,2482.93,2418.36,2395.05,2357.01,2313.56,2273.34,2260.19,2232.79,2216.23,2173.51,2148.37
377.0000,2460.66,2396.41,2373.61,2335.71,2293.04,2253.09,2240.05,2212.97,2196.21,2154.47,2129.28
377.5000,2436.31,2372.94,2349.9,2312.71,2270.48,2230.11,2217.99,2191.27,2174.22,2132.85,2108.3
378.0000,2414.46,2350.28,2327.32,2290.97,2248.7,2208.94,2197.18,2170.65,2154.09,2113.24,2089.19
378.5000,2386.73,2322.56,2300.53,2264.95,2223.78,2183.41,2171.64,2145.64,2129.58,2089.89,2064.78
379.0000,2361.58,2297.74,2276.04,2240.17,2199.87,2160.55,2148.3,2122,2105.27,2067.61,2041.97
379.5000,2338.38,2275.37,2253.29,2217.62,2177.89,2138.92,2127.18,2100.77,2084.23,2047.24,2022.12
380.0000,2312.23,2250.15,2227.82,2192.73,2153.01,2115.02,2104.1,2077.16,2061.11,2024.23,1999.67
380.5000,2288.75,2227.62,2204.51,2169.63,2130.54,2093.31,2082.02,2055.91,2039.19,2003.04,1978.98
381.0000,2259.38,2199.98,2175.85,2143,2102.78,2067.33,2055.66,2029.63,2013.16,1978.17,1954.01
381.5000,2231.96,2174.28,2150.03,2116.52,2077.74,2042.19,2032.32,2005.8,1989.06,1955.26,1931.71
382.0000,2206.93,2150.31,2126.96,2093.8,2055.44,2019.41,2010.21,1984.21,1967.06,1934.28,1911.06
382.5000,2180.29,2123.15,2100.21,2069.47,2030.64,1995.13,1985.44,1960.12,1942.19,1911.13,1887.77
383.0000,2155.95,2098.85,2076.15,2046.41,2007.81,1972.77,1963.22,1937.63,1920.69,1889.99,1865.96
383.5000,2126.21,2070.55,2047.41,2018.21,1980.87,1946.15,1936.96,1911.4,1893.84,1864.59,1840.6
384.0000,2099.03,2044.02,2020.16,1991.84,1955.24,1921.36,1912.52,1886.61,1869.54,1840.31,1817.03
384.5000,2074.14,2019.73,1995.89,1968.11,1932.13,1898.74,1890.03,1864.37,1847.71,1818.38,1795.88
385.0000,2046.52,1993.1,1969.72,1942.5,1906.66,1873.31,1866.26,1840.49,1823.75,1794.86,1772.64
385.5000,2022.01,1968.87,1946.03,1918.99,1883.48,1850.58,1843.75,1817.82,1801.48,1773.34,1751.73
386.0000,1992.02,1940.59,1917.47,1890.51,1856.15,1823.02,1816.57,1791.16,1775.57,1748.27,1725.85
386.5000,1965.23,1913.56,1891.62,1864.4,1830.66,1797.91,1792.44,1765.97,1751.57,1724.82,1702.68
387.0000,1940.71,1889.59,1868.2,1840.45,1807.37,1774.74,1770.06,1743.79,1729.98,1703.47,1681.68
387.5000,1913.88,1863.12,1842.23,1815.02,1781.64,1750.07,1745.65,1720,1706.06,1680.13,1658.02
388.0000,1889.51,1838.77,1818.74,1791.89,1758.8,1727.66,1723.48,1698.04,1684.65,1659.09,1637.47
388.5000,1860.19,1810.09,1790.61,1764.59,1731.52,1700.86,1696.6,1672.23,1658.8,1634.06,1612
389.0000,1833.57,1783.46,1764.22,1738.77,1706.78,1676.46,1671.63,1647.9,1635.33,1610.26,1589.27
389.5000,1808.35,1759.62,1740.51,1715.18,1684.37,1653.81,1648.83,1626.39,1614.25,1588.91,1568.21
390.0000,1778.95,1730.77,1712.83,1688.53,1657,1626.58,1622.52,1600.93,1588.77,1564.04,1542.85
390.5000,1757.24,1709.85,1692.24,1668.02,1636.85,1606.68,1602.23,1582.03,1570.05,1545.16,1523.91
391.0000,1727.91,1681.32,1664.72,1641.12,1609.87,1580.86,1576.19,1556.49,1544.45,1519.73,1498.91
391.5000,1701.6,1655.82,1639.32,1616.5,1585.59,1557.28,1552.01,1533.8,1521.22,1496.83,1476.13
392.0000,1677.74,1632.62,1616.66,1593.65,1563.18,1534.49,1530.37,1512.4,1500.06,1476.34,1455.82
392.5000,1649.44,1604.91,1589.17,1566.1,1536.58,1508.01,1504.26,1487.24,1474.97,1451.57,1431.17
393.0000,1628.21,1584.53,1568.73,1546.15,1517.65,1489.41,1485.53,1468.62,1455.72,1433.43,1413.2
393.5000,1600.49,1556.67,1541.76,1519.68,1492.43,1463.02,1460.08,1442.87,1431.53,1409.01,1389.28
394.0000,1575.2,1531.9,1517.15,1494.83,1468.53,1440.49,1437.53,1419.76,1408.96,1386.93,1367.63
394.5000,1552.28,1509.26,1495.02,1472.62,1446.89,1419.07,1416.99,1399.5,1388.99,1367.25,1347.85
395.0000,1524.99,1482.52,1468.05,1445.94,1420.93,1393.76,1391.7,1375.24,1364.54,1343.73,1323.94
395.5000,1499.31,1458.77,1444.31,1422.66,1397.85,1371.54,1368.97,1352.79,1342.68,1322.07,1303.18
396.0000,1476.63,1437.04,1422.97,1401.54,1376.59,1351.54,1348.37,1332.3,1323.19,1302.21,1284.23
396.5000,1450.2,1411.73,1397.39,1376.29,1351.81,1326.9,1324.2,1309.96,1301.32,1279.59,1261.75
397.0000,1430.06,1392.05,1378.17,1357.1,1333.18,1309.17,1305.68,1292.33,1283.83,1262.48,1245
397.5000,1403.65,1366.15,1353.56,1332.77,1309.14,1284.9,1281.91,1269.21,1260.68,1240.08,1222.24
398.0000,1379.96,1343.26,1330.61,1310.32,1286.31,1263.76,1260.29,1248.18,1239.67,1219.29,1201.83
398.5000,1358.25,1322.33,1309.87,1290.08,1266.59,1244.37,1241.16,1228.99,1220.51,1200.7,1183.25
399.0000,1333.47,1297.19,1285.38,1266.2,1243.48,1221.03,1217.52,1206.8,1197.95,1179.18,1160.95
399.5000,1310.89,1274.78,1262.95,1244.3,1222.19,1200.59,1196.51,1185.33,1177.88,1158.99,1141.29
400.0000,1290.2,1254.98,1243.12,1223.83,1202.91,1182.03,1178.1,1166.65,1159.96,1140.89,1123.59
400.5000,1269.53,1234.74,1223.51,1204.17,1183.97,1163.47,1159.79,1148.93,1140.82,1123.02,1106.25
401.0000,1246.05,1212.92,1201.91,1182.48,1163.08,1142.83,1139.73,1129.29,1121.32,1103.77,1087.54
401.5000,1222.42,1189.93,1178.8,1160.16,1140.75,1120.57,1117.97,1108.12,1099.66,1082.52,1067.39
402.0000,1201.01,1168.43,1158.04,1138.34,1120.51,1100.5,1097.91,1088.69,1080.76,1064.14,1048.4
402.5000,1181.45,1149.17,1139.22,1119.42,1102.31,1082.85,1080.23,1070.79,1063.66,1047.47,1031.26
403.0000,1158.18,1126.46,1116.7,1097.6,1080.3,1061.89,1060.09,1050.45,1043.18,1026.77,1011.49
403.5000,1137.28,1105.93,1096.24,1077.64,1060.64,1043.05,1041.47,1031.64,1024.59,1007.83,993.193
404.0000,1118.27,1087.74,1078.33,1060.14,1042.91,1025.74,1024.59,1015.27,1008.03,991.422,976.711
404.5000,1099.33,1069.47,1060.87,1043.18,1025.58,1009.37,1007.04,998.812,991.687,975.215,961.04
405.0000,1079.22,1050.42,1041.25,1024.03,1007.14,990.945,988.858,980.541,973.462,957.502,943.808
405.5000,1057.56,1029.03,1020.02,1004.03,986.975,970.944,969.385,961.031,953.662,938.52,925.052
406.0000,1039.84,1011.76,1002.52,986.489,970,954.808,953.616,945.005,937.707,922.765,909.906
406.5000,1020.29,992.876,984.115,968.5,951.166,937.002,936.265,927.715,920.267,905.64,893.104
407.0000,999.375,972.268,964.288,949.037,931.302,918.305,917.959,909.346,901.85,887.124,874.857
407.5000,980.744,954.042,946.043,931.356,914.094,901.491,901.273,892.022,884.828,870.733,858.441
408.0000,963.679,937.286,929.889,914.792,897.968,886.361,885.822,876.732,869.543,855.618,844.02
408.5000,943.445,918.042,910.244,895.559,879.206,868.132,867.697,858.657,851.679,838.554,826.424
409.0000,929.126,903.725,896.138,880.982,865.991,854.16,854.16,844.714,838.526,825.465,813.932
409.5000,909.981,884.769,877.523,862.14,848.105,836.734,836.34,827.408,821.363,807.941,797.582
410.0000,893.947,869.335,862.283,847.406,833.422,822.279,821.862,813.353,807.178,794.37,783.996
410.5000,876.833,852.495,845.595,831.502,816.916,806.644,805.964,798.095,791.865,778.902,769.494
411.0000,858.552,835.079,827.006,814.125,798.824,790.489,788.994,781.464,775.198,762.73,753.221
411.5000,843.175,820.39,812.367,799.98,784.401,776.623,775.181,768.286,761.76,749.771,740.054
412.0000,826.107,804.362,796.183,784.941,769.135,761.75,760.238,753.598,746.896,735.136,725.68
412.5000,808.554,787.515,779.171,768.481,752.811,746.041,744.167,737.72,731.51,719.611,710.635
413.0000,793.044,772.287,763.681,753.03,737.995,731.663,730.139,723.298,717.17,706.165,696.749
413.5000,778.828,758.721,750.082,739.475,724.834,718.956,717.449,710.631,704.004,693.795,684.521
414.0000,761.534,742.298,733.65,723.374,709.248,703.708,702.447,695.739,688.995,679.073,669.951
414.5000,749.044,729.954,721.459,711.946,698.018,692.271,691.595,684.323,677.694,667.836,659.217
415.0000,733.441,714.06,705.759,696.963,682.601,677.498,676.761,669.699,662.723,653.342,645.266
415.5000,720.28,700.448,692.943,684.659,670.833,665.433,664.724,657.494,651.108,642.068,633.731
416.0000,705.655,686.627,678.884,671.209,657.728,652.581,652.189,644.735,638.511,629.481,621.334
416.5000,690.363,671.613,664.397,656.104,643.294,639.014,638.08,630.568,625.07,616,608.032
417.0000,677.481,659.272,652.242,644.213,631.584,627.367,626.469,619.586,613.666,604.946,596.879
417.5000,663.893,645.912,639.233,631.216,618.347,614.699,613.704,606.917,601.397,593.085,585.001
418.0000,649.294,631.8,625.277,617.599,604.577,601.002,599.891,593.732,589.09,580.152,572.121
418.5000,637.784,620.409,614.148,606.579,593.63,590.117,588.803,582.547,578.201,569.307,561.715
419.0000,624.731,607.705,601.727,594.142,581.375,578.432,576.58,571.004,566.384,557.817,550.737
419.5000,610.521,593.961,588.413,581.868,568.518,565.589,564.133,558.474,553.257,545.341,538.942
420.0000,598.18,581.66,576.112,570.058,557.099,554.174,552.549,547.153,541.947,534.225,528.173
420.5000,587.22,570.712,565.5,559.393,546.598,544.062,542.246,537.115,531.896,524.643,518.487
421.0000,574.059,558.083,552.667,547.136,534.658,531.963,529.505,525.492,520.474,513.199,507.553
421.5000,564.344,548.575,543.016,537.88,525.567,522.998,520.695,516.689,511.709,504.569,499.36
422.0000,551.856,536.549,530.645,525.778,513.9,511.197,509.397,504.789,500.305,493.527,488.146
422.5000,539.195,523.89,518.918,514.133,501.955,499.892,498.184,493.494,489.111,483.212,477.422
423.0000,530.297,514.991,509.965,505.321,493.114,491.568,489.695,485.032,481.116,474.89,469.708
423.5000,518,502.999,498.492,494.059,482.221,480.813,478.192,474.399,470.486,464.095,459.512
424.0000,507.939,493.658,489.074,484.618,473.407,471.64,469.169,465.457,461.946,455.571,451.285
424.5000,497.068,483.129,478.644,474.572,463.745,461.825,459.685,455.783,452.388,446.147,442.391
425.0000,485.741,472.257,467.504,463.924,453.377,451.388,449.307,445.599,441.814,436.281,432.448
425.5000,476.599,463.349,458.216,455.157,444.888,442.838,441.029,436.859,433.242,428.038,424.641
426.0000,466.865,453.408,448.536,445.582,435.752,433.552,431.826,427.754,424.205,419.29,415.867
426.5000,456.113,442.927,438.107,435.629,425.724,423.78,421.975,418.392,414.51,409.957,406.596
427.0000,447.272,434.391,429.742,427.423,417.578,415.713,414.244,410.395,406.782,402.595,398.88
427.5000,437.878,424.945,420.456,418.199,408.741,406.811,405.977,402.03,398.381,394.266,390.518
428.0000,427.842,415.251,410.92,408.393,399.529,397.361,396.532,392.697,389.157,385.504,381.523
428.5000,419.558,407.136,403.413,400.281,392.249,389.469,389.136,385.544,381.889,378.167,374.333
429.0000,410.666,398.222,394.702,391.677,383.968,381.329,380.962,377.29,373.937,370.088,366.541
429.5000,401.364,388.773,385.638,382.691,374.915,372.594,371.948,368.74,365.299,361.749,358.335
430.0000,393.415,381.146,378.192,375.455,367.385,365.229,364.69,361.698,358.118,354.705,351.61
430.5000,384.96,372.959,370.005,367.757,359.547,357.614,356.557,354.109,350.582,347.033,344.785
431.0000,376.074,364.203,361.306,359.332,351.081,348.826,348.262,345.781,342.555,339.005,336.478
431.5000,368.71,356.738,354.407,352.253,344.131,342.027,341.623,339.334,335.748,332.368,330.05
432.0000,360.831,349.023,347.079,344.683,336.868,334.7,334.187,332.227,328.622,325.413,323.197
432.5000,352.03,340.942,338.643,336.493,329.279,327.056,326.352,324.712,321.141,317.85,315.927
433.0000,344.837,334.545,331.999,329.667,322.725,320.651,320.209,318.592,315.033,311.651,310.054
433.5000,337.356,327.119,324.82,322.416,315.507,313.617,313.136,311.86,308.356,304.984,303.722
434.0000,329.492,319.367,316.996,314.88,308.253,305.84,305.893,304.676,301.438,297.653,296.841
434.5000,323.192,313.223,310.923,308.7,302.452,299.658,300.131,298.5,295.678,291.82,291.394
435.0000,316.409,306.201,304.009,302.194,296.125,292.972,293.603,292.518,289.423,285.747,285.266
435.5000,309.002,299.1,296.985,294.94,289.028,286.058,286.871,285.414,282.487,279.263,278.998
436.0000,302.779,293.102,290.783,288.971,283.283,280.413,281.109,280.052,277.269,274.007,273.638
436.5000,295.927,286.737,284.315,282.755,277.334,274.339,275.183,273.921,271.748,268.215,267.706
437.0000,288.767,279.681,277.776,276.023,270.837,268.131,268.801,267.614,265.808,262.21,261.623
437.5000,282.94,274.293,272.372,270.565,265.216,263.093,263.565,262.445,260.738,257.197,256.817
438.0000,276.615,268.145,266.276,264.934,259.469,257.388,257.687,256.714,255.496,251.765,251.407
438.5000,269.86,261.639,260.004,258.716,253.297,251.311,252.136,250.493,249.698,246.083,245.445
439.0000,264.422,256.486,255.107,253.614,248.384,246.714,247.075,245.746,244.935,241.503,240.822
439.5000,258.289,250.514,249.617,247.953,242.893,241.515,241.578,240.517,239.692,236.437,235.956
440.0000,251.993,244.547,243.52,241.906,237.211,235.692,235.734,234.757,234.359,230.784,230.461
440.5000,246.982,239.498,238.609,236.782,232.528,230.815,231.326,230.202,229.782,226.362,225.884
441.0000,241.47,234.447,233.644,231.495,227.508,225.872,226.228,224.999,224.751,221.589,221.13
441.5000,235.661,228.917,227.869,225.929,222.471,220.714,220.847,219.586,219.496,216.583,216.086
442.0000,230.944,224.243,223.405,221.487,218.205,216.47,216.056,215.261,215.363,212.537,211.917
442.5000,225.756,219.387,218.521,216.611,213.17,211.814,211.515,210.76,210.811,207.988,207.743
443.0000,220.124,214.133,213.229,211.624,208.134,206.691,206.337,205.996,205.922,203.515,202.935
443.5000,215.513,209.874,209.162,207.505,204.056,202.751,202.206,202.142,202.021,199.54,199.376
444.0000,210.365,204.98,204.31,202.653,199.494,198.175,197.544,197.756,197.677,194.996,195.001
444.5000,205.4,200.18,199.512,197.99,194.89,193.698,193.04,193.328,193.208,190.699,190.859
445.0000,200.332,195.363,194.63,193.527,190.322,189.25,188.396,188.66,188.535,186.005,186.471
445.5000,196.113,191.285,190.715,189.709,186.474,185.591,184.579,184.896,184.93,182.375,182.99
446.0000,191.798,186.987,186.584,185.598,182.233,181.571,180.541,180.92,181.057,178.67,179.283
446.5000,187.116,182.463,182.197,181.238,177.846,177.129,176.398,176.7,176.816,174.342,175.329
447.0000,183.347,178.937,178.501,177.251,174.421,173.559,172.903,173.234,173.314,171.089,171.833
447.5000,179.31,174.8,174.639,173.215,170.86,169.832,169.298,169.54,169.678,167.576,168.346
448.0000,174.881,170.415,170.433,168.802,166.654,165.708,165.499,165.758,165.742,163.489,164.265
448.5000,171.255,167.017,167.01,165.363,163.459,162.649,162.122,162.481,162.67,160.23,161.389
449.0000,167.385,163.433,163.399,161.524,159.973,159.197,158.501,158.88,159.196,157.088,158.042
449.5000,163.215,159.636,159.448,157.462,156.08,155.38,154.776,155.209,155.575,153.545,154.375
450.0000,159.98,156.269,156.459,154.166,152.968,152.22,151.606,152.049,152.513,150.573,151.357
