XYDATA,BFII_lipid-000_12-15-25-1,BFII_lipid-004_12-15-25-1,BFII_lipid-008_12-15-25-1,BFII_lipid-012_12-15-25-1,BFII_lipid-016_12-15-25-1,BFII_lipid-020_12-15-25-1,BFII_lipid-024_12-15-25-1,BFII_lipid-028_12-15-25-1,BFII_lipid-032_12-15-25-1,BFII_lipid-036_12-15-25-1,BFII_lipid-040_12-15-25-1
300.0000,75.1672,84.4458,94.1707,100.743,115.336,126.29,135.69,145.464,156.2,165.544,174.423
300.5000,81.0455,90.5459,100.421,106.932,121.834,133.269,142.812,152.696,163.809,173.425,182.56
301.0000,87.5921,97.3286,107.405,113.815,129.144,141.139,150.921,161.02,172.388,182.206,191.253
301.5000,93.5869,103.456,113.857,120.054,135.81,148.083,158.734,168.549,180.175,190.129,199.143
302.0000,102.278,112.603,123.47,129.572,145.979,158.709,169.904,180.193,191.839,202.422,211.804
302.5000,112.114,123.202,134.36,140.492,157.59,170.697,182.823,193.407,205.471,216.566,226.072
303.0000,121.775,133.167,145.13,150.687,168.777,182.368,194.905,205.93,218.345,229.909,239.669
303.5000,132.921,144.706,157.051,162.465,181.339,195.531,208.721,220.39,233.261,244.836,255.061
304.0000,143.826,155.752,168.535,173.735,193.493,208.11,221.809,233.9,246.839,259.12,269.438
304.5000,156.062,168.258,181.537,186.643,207.354,222.377,236.567,249.318,262.379,275.236,285.977
305.0000,170.275,182.78,196.448,201.26,222.835,238.842,253.165,266.425,280.523,293.31,304.567
305.5000,181.202,194.056,207.92,212.771,234.797,251.609,266.193,280.086,294.392,307.693,318.989
306.0000,196.538,209.522,223.905,228.293,251.371,269.3,284.087,298.613,313.314,327.055,338.823
306.5000,208.646,221.786,236.486,240.183,264.597,282.879,298.059,313.031,327.74,341.766,353.796
307.0000,225.569,238.646,253.748,256.969,282.94,301.385,317.268,332.427,347.899,361.906,373.994
307.5000,238.674,251.721,267.404,270.04,296.928,315.774,331.996,347.588,363.371,377.764,390.278
308.0000,256.96,269.88,286.28,287.866,316.125,335.891,352.6,368.312,384.634,399.477,411.847
308.5000,274.542,287.595,304.42,304.813,334.548,354.43,371.762,388.328,404.768,420.07,432.499
309.0000,290.928,304.437,321.42,320.702,351.519,371.68,389.719,406.568,423.116,438.992,451.629
309.5000,310.05,323.49,340.756,338.952,371.089,391.651,409.959,427.277,443.649,459.636,472.642
310.0000,327.936,341.057,358.849,355.961,389.12,410.089,428.669,446.221,462.57,478.884,492.006
310.5000,346.661,359.528,377.535,373.267,407.756,428.752,448.126,465.325,481.818,498.09,511.763
311.0000,367.829,380.079,398.635,393.012,428.916,449.759,469.833,486.568,503.653,519.714,534.009
311.5000,387.684,399.964,418.402,411.84,448.523,469.107,489.882,506.632,524.023,540.004,554.562
312.0000,410.005,421.771,440.494,432.666,470.343,490.642,512.185,529.21,546.648,562.684,576.91
312.5000,431.117,442.793,461.365,452.018,490.598,511.448,533.155,550.089,567.892,583.696,598.132
313.0000,454.942,466.545,484.641,473.331,513.754,534.646,556.816,573.511,591.165,606.838,621.365
313.5000,477.495,488.675,506.707,493.689,535.122,555.532,578.495,595.118,612.96,628.537,642.777
314.0000,502.729,513.141,531.833,516.473,558.974,579.592,602.684,619.357,636.703,652.443,666.594
314.5000,529.761,540.264,559.407,541.439,585.701,605.076,629.224,645.645,663.321,678.912,692.658
315.0000,551.25,561.336,580.475,560.541,605.227,625.311,649.719,665.846,683.368,698.728,712.295
315.5000,580.811,589.845,609.245,585.917,632.414,652.338,676.646,692.84,709.789,725.093,738.524
316.0000,603.157,611.501,631.067,605.406,653.107,673.162,697.015,713.365,730.442,744.82,758.707
316.5000,633.632,641.484,660.457,631.718,680.834,701.205,724.893,740.566,757.171,771.951,784.95
317.0000,661.905,669.252,687.796,656.897,706.997,727.149,750.71,765.782,782.338,796.977,809.685
317.5000,688.491,694.747,713.329,679.662,730.538,751.259,774.446,789.404,805.378,819.691,832.03
318.0000,715.151,720.365,738.832,702.556,754.861,775.269,798.259,813.195,828.49,842.331,854.639
318.5000,744.427,748.856,767.264,728.175,781.32,801.917,824.708,839.402,854.313,868.115,879.736
319.0000,771.956,775.263,793.526,751.697,805.698,826.167,848.72,863.557,877.961,891.513,902.813
319.5000,802.83,805.35,822.896,777.898,833.347,853.285,875.421,890.232,903.879,917.778,928.483
320.0000,831.159,832.746,849.972,802.15,858.387,878.379,899.698,914.27,927.923,941.469,951.523
320.5000,862.814,862.782,879.96,828.962,885.693,905.981,927.218,941.309,954.704,967.619,977.146
321.0000,898.064,896.906,912.516,858.891,916.181,936.368,957.381,970.961,983.966,995.432,1004.75
321.5000,924.806,922.241,937.778,881.265,939.302,959.792,980.273,992.9,1006.03,1017.44,1025.73
322.0000,960.506,956.837,971.579,911.67,970.188,991.021,1010.76,1022.81,1036.06,1046.35,1054.12
322.5000,987.731,983.247,997.471,934.081,993.426,1013.89,1033.7,1045.18,1058.98,1068.43,1075.22
323.0000,1024.22,1018.17,1032.08,964.406,1025.09,1045.34,1064.78,1075.11,1087.88,1097.74,1103.74
323.5000,1057.79,1050.97,1064.55,992.606,1054.28,1074.05,1092.99,1102.39,1115.41,1123.96,1129.55
324.0000,1089.11,1080.42,1094.32,1018.42,1081.14,1100.05,1118.88,1127.68,1140.59,1148.31,1152.83
324.5000,1120.74,1110.27,1123.61,1044.68,1107.66,1127.01,1144.84,1153.42,1165.49,1172.5,1176.25
325.0000,1155.3,1143.25,1156.47,1073.31,1136.69,1156.37,1173.47,1181.17,1193.26,1199.76,1202.43
325.5000,1187.27,1173.35,1185.97,1099.57,1163.63,1183.13,1199.23,1206.58,1217.93,1223.74,1225.48
326.0000,1222.26,1207.01,1218.51,1128.21,1193.42,1212.04,1227.43,1234.24,1244.48,1250.23,1251.16
326.5000,1253.75,1237.42,1247.82,1154.55,1220.3,1238.27,1253.52,1259.46,1269.23,1273.71,1274.46
327.0000,1289,1270.68,1280.24,1183.36,1249.62,1267.73,1281.73,1286.7,1296.52,1299.58,1299.8
327.5000,1327.47,1306.42,1315.64,1214.18,1281.54,1299.41,1312.49,1316.47,1325.95,1328.27,1327.21
328.0000,1355.87,1333.89,1342.11,1238.01,1305.49,1322.75,1335.37,1338.67,1347.5,1348.69,1347.41
328.5000,1393.74,1370.66,1377.48,1268.73,1336.75,1354.3,1365.53,1369.06,1376.44,1377.07,1373.93
329.0000,1421.65,1398.08,1404.31,1291.74,1359.79,1377.9,1388.07,1391.2,1397.5,1397.74,1393.17
329.5000,1459.66,1434.01,1439.26,1322.23,1390.66,1408.56,1417.67,1420.2,1425.51,1424.53,1419.5
330.0000,1491.06,1464.07,1468.04,1347.13,1416.26,1433.51,1442.08,1443.92,1448.64,1447.14,1441.17
330.5000,1525.7,1496.69,1500.33,1374.81,1444.56,1460.43,1468.29,1469.5,1473.29,1471.28,1464.03
331.0000,1555.94,1525.3,1528.52,1399.4,1468.81,1485.16,1491.65,1492.77,1495.44,1492.97,1484.46
331.5000,1589.05,1556.4,1559.42,1426.79,1496.21,1512.97,1517.47,1517.83,1519.56,1516.61,1506.86
332.0000,1618.98,1584.98,1586.61,1450.89,1520.48,1536.56,1540.13,1540.04,1541.45,1537.61,1526.99
332.5000,1652.23,1616.47,1616.65,1477.19,1546.19,1563.81,1564.82,1564.76,1564.62,1560.16,1549.24
333.0000,1687.42,1649.67,1648.69,1505.02,1574.56,1591.8,1590.84,1590.93,1589.86,1584.04,1572.64
333.5000,1713.33,1674.48,1672.33,1526.05,1595.83,1612.8,1611.04,1610.23,1608.2,1601.64,1588.75
334.0000,1747.87,1707.13,1703.87,1553.91,1623.27,1639.01,1637.18,1634.63,1631.63,1625.25,1610.58
334.5000,1775.37,1733.14,1729.96,1576.65,1645.94,1660.94,1657.8,1654.88,1651.34,1644.28,1628.92
335.0000,1805.8,1761.94,1758.02,1600.28,1670.17,1684.38,1680.47,1676.85,1672.47,1664.81,1647.44
335.5000,1832.38,1787.15,1782.05,1622.04,1691.93,1705.18,1700.33,1695.74,1691.35,1682.39,1664.1
336.0000,1861.88,1814.03,1808.72,1645.16,1714.93,1728.18,1722.21,1716.35,1711.59,1700.85,1682.18
336.5000,1888.63,1838.53,1832.3,1665.41,1735.24,1747.25,1740.98,1735.14,1729.83,1717.4,1697.52
337.0000,1916.88,1864.83,1858,1687.3,1758.37,1768.73,1761.97,1754.76,1748.63,1735.68,1714.32
337.5000,1946.85,1892.2,1884.21,1710.54,1781.99,1791.47,1783.77,1775.43,1768.78,1754.03,1732.34
338.0000,1968.56,1912.48,1904.38,1727.35,1799.39,1807.91,1799.49,1790.48,1783.34,1767.52,1744.9
338.5000,1997.02,1939.23,1930.14,1749.09,1821.88,1829.06,1819.41,1809.89,1801.59,1784.93,1761.45
339.0000,2019.84,1960.46,1951.83,1766.37,1839.68,1846.37,1835.71,1825.07,1815.83,1799.21,1774.36
339.5000,2044.06,1983.34,1974.22,1785.41,1858.59,1864.17,1852.9,1841.35,1831.53,1814.27,1788.54
340.0000,2066.06,2003.78,1993.78,1801.67,1875.34,1879.97,1868.12,1855.65,1844.8,1827.03,1800.36
340.5000,2089.58,2024.82,2013.76,1819.62,1893.48,1897.49,1883.73,1870.91,1858.78,1839.95,1813.58
341.0000,2109.71,2043.27,2031.92,1834.95,1908.7,1911.67,1897.52,1884.73,1871.88,1852.06,1824.01
341.5000,2131.66,2062.79,2051.27,1851.49,1925.16,1926.72,1912.5,1899.27,1885.01,1864.96,1835.5
342.0000,2154.08,2084.82,2071.78,1868.7,1942.78,1943.4,1927.68,1913.5,1898.47,1877.52,1847.74
342.5000,2169.73,2099.99,2086.27,1880.39,1955.27,1954.56,1938.37,1923.36,1908.46,1886.75,1855.79
343.0000,2190.89,2119.43,2105.21,1896.44,1972.16,1969.94,1951.9,1937.03,1920.98,1898.1,1866.44
343.5000,2207.06,2135.12,2119.47,1908.5,1984.3,1981.68,1963.36,1947.56,1930.73,1906.35,1875.35
344.0000,2225.27,2151.27,2134.74,1921.61,1997.77,1994.16,1975.34,1958.08,1941.28,1915.54,1884.55
344.5000,2241.19,2165.28,2148.57,1932.51,2008.76,2004.99,1984.83,1967.09,1949.48,1922.96,1891.64
345.0000,2257.16,2179.92,2162.58,1944.13,2020.42,2015.62,1994.53,1976.76,1958.2,1930.74,1898.57
345.5000,2270.49,2192.85,2174.88,1954.3,2030.07,2024.69,2003.07,1984.74,1965.04,1937.67,1903.89
346.0000,2285.44,2205.91,2187.19,1964.54,2040.69,2033.93,2011.67,1993.2,1972.83,1944.87,1910.08
346.5000,2300.68,2219.37,2199.76,1975.47,2050.79,2043.56,2019.7,2000.95,1980.17,1951.26,1916.33
347.0000,2312.33,2229.74,2208.59,1983.06,2058.75,2051.13,2026.3,2006.73,1985.79,1956.29,1921.37
347.5000,2323.92,2240.71,2218.97,1991.3,2066.81,2058.85,2033.46,2012.51,1991.35,1961.6,1925.87
348.0000,2334.39,2249.92,2228.03,1998.28,2073.13,2065.85,2039.45,2017.53,1995.83,1964.73,1928.45
348.5000,2344.89,2259.53,2236.01,2005.19,2079.67,2072.33,2045.59,2022.53,2000.89,1968.3,1931.38
349.0000,2354.46,2268.06,2244.06,2011.34,2085.71,2078.25,2050.41,2026.23,2004.65,1971.33,1934.32
349.5000,2363.14,2276.47,2251.53,2016.49,2090.64,2082.81,2055.12,2029.56,2008.61,1974.23,1936.64
350.0000,2372.57,2284.51,2259.03,2021.31,2095.63,2087.9,2059.15,2032.81,2011.71,1976.44,1938.61
350.5000,2379.94,2290.25,2264.75,2024.93,2100.76,2091.67,2062.2,2034.65,2013.84,1977.93,1938.62
351.0000,2386.6,2296.22,2270.14,2028.67,2105.42,2094.69,2065.23,2035.98,2015.48,1979.27,1938.07
351.5000,2392.24,2300.82,2274.27,2031.23,2107.77,2097.04,2066.77,2037.24,2016.93,1979.55,1938.39
352.0000,2397.83,2305.18,2278.16,2033.88,2110.22,2099.21,2068.65,2038.69,2018.52,1980.05,1938.08
352.5000,2402.38,2308.77,2280.56,2035.31,2111.56,2100.22,2069.19,2038.96,2018.13,1979.64,1937
353.0000,2406.19,2312.31,2283.07,2037.18,2112.55,2100.56,2069.67,2039.08,2017.64,1978.69,1936.01
353.5000,2408.55,2314.58,2285.05,2037,2113.05,2100.4,2069.24,2038.59,2016.53,1977.75,1934.72
354.0000,2410.74,2317.24,2286.28,2037.53,2112.65,2099.42,2068.26,2037.46,2014.06,1976.91,1932.56
354.5000,2412.24,2318.5,2286.97,2037.35,2112.75,2098.93,2066.65,2035.67,2011.2,1974.73,1929.76
355.0000,2413.19,2319.38,2286.5,2036.54,2111.02,2097.75,2064.8,2033.48,2008.73,1971.83,1926.64
355.5000,2413.08,2319.89,2286.5,2035.03,2109.16,2095.76,2061.99,2030.75,2005.57,1969.04,1923.01
356.0000,2412.23,2319.71,2284.9,2033.35,2107.12,2093.91,2059.54,2028.57,2002,1965.78,1919.28
356.5000,2411.29,2318.21,2283.18,2031.17,2104.26,2091.51,2056.61,2025.07,1998.18,1962.1,1915.12
357.0000,2409.75,2316.38,2280.49,2028.14,2101.63,2087.54,2052.87,2020.97,1994.93,1957.57,1910.75
357.5000,2408.55,2314.08,2277.67,2025.51,2098.59,2084.38,2049.03,2017.39,1990.56,1953.03,1905.84
358.0000,2405.68,2310.45,2273.61,2021.8,2094.53,2079.45,2044.04,2012.9,1984.94,1948.25,1900.16
358.5000,2402.41,2306.92,2269.91,2017.7,2088.88,2074.98,2039.37,2007.35,1978.66,1942.1,1893.86
359.0000,2399.3,2303.87,2265.91,2014,2084.24,2070.66,2034.53,2002.12,1972.71,1936.1,1888.56
359.5000,2395.5,2299.39,2260.52,2008.03,2079.2,2065.47,2028.56,1996.07,1966.06,1929.9,1881.58
360.0000,2390.85,2294.61,2254.32,2002.89,2073.42,2060.2,2023.42,1990.81,1960.15,1923.49,1875.24
360.5000,2386.07,2289.09,2248.62,1997.43,2066.65,2053.18,2016.5,1983.61,1953.04,1915.84,1868.42
361.0000,2380.4,2283.7,2242.12,1991.22,2060.14,2046.19,2010.59,1977.02,1946.14,1908.9,1861.34
361.5000,2373.54,2276.56,2234.87,1983.65,2052.14,2037.95,2001.05,1968.1,1937.14,1900.84,1851.84
362.0000,2365.25,2268.92,2227.43,1976.36,2043.45,2030.22,1992.55,1960.31,1928.29,1892.39,1842.05
362.5000,2358.02,2261.74,2220.06,1969.6,2036.19,2022.27,1984.82,1951.81,1919.72,1884.39,1833.45
363.0000,2349.23,2253.59,2211.65,1961.56,2027.68,2013.99,1976.4,1942.61,1910.26,1875.61,1824.08
363.5000,2341.71,2245.94,2202.81,1953.24,2019.22,2005.43,1967.85,1934.03,1901.9,1866.74,1816.4
364.0000,2332.09,2236.45,2193.5,1943.72,2009.36,1996.11,1958.33,1923.31,1892,1856.77,1806.13
364.5000,2323.18,2227.12,2183.89,1935.25,2001.09,1987.05,1949.16,1913.64,1882.76,1847.02,1796.55
365.0000,2312.53,2215.77,2173.36,1924.91,1989.94,1974.86,1937.61,1902.02,1871.56,1835.13,1784.53
365.5000,2300.99,2204.89,2162.06,1914.43,1979.35,1963.47,1926.45,1891.25,1860.66,1824.04,1772.88
366.0000,2290.07,2194.42,2151.72,1904.16,1969.62,1952.61,1915.75,1879.88,1850.28,1814.35,1762.9
366.5000,2277.37,2181.61,2139.46,1893.07,1958.26,1940.83,1904.07,1868.19,1838.49,1802.97,1751.43
367.0000,2265.27,2169.58,2127.62,1882.27,1947.17,1928.93,1892.91,1857.79,1827.36,1791.78,1739.85
367.5000,2251.42,2155.67,2113.63,1869.1,1933.83,1916.45,1879.16,1844.74,1813.4,1777.2,1725.79
368.0000,2237.39,2142.11,2100.22,1857.34,1920.61,1902.9,1866.68,1831.71,1799.75,1764.15,1712.5
368.5000,2224.3,2129.19,2087.02,1846.1,1908.03,1889.53,1854.16,1819.47,1787.41,1752.12,1700.75
369.0000,2209.66,2115.44,2072.52,1833.21,1894.14,1876.16,1840.74,1805.84,1773.41,1739.27,1687.8
369.5000,2195.81,2101.8,2059,1820.73,1881.63,1863.48,1828.09,1793.4,1760.35,1726.58,1675.68
370.0000,2179.69,2087.24,2043.81,1806.66,1866.98,1849.13,1813.29,1778.72,1745.6,1712.11,1661.39
370.5000,2164.85,2073.47,2029.61,1793.59,1853.36,1835.83,1800.67,1765.6,1733.17,1698.33,1648.3
371.0000,2147.59,2055.75,2011.74,1777.45,1836.98,1819.9,1784.38,1749.49,1717.45,1681.47,1632.45
371.5000,2130.6,2039.3,1995.59,1762.82,1821.62,1804.9,1769.39,1734.29,1702.17,1666.27,1617.59
372.0000,2115.15,2023.43,1980.85,1748.32,1808.08,1790.69,1754.95,1719.72,1688.87,1652,1603.58
372.5000,2097.64,2005.96,1963.62,1732.79,1791.67,1774.32,1739.45,1703.96,1672.96,1636.16,1588.24
373.0000,2081.18,1990.16,1948.04,1717.98,1777.01,1759.09,1724.63,1688.89,1658.4,1621.9,1574.15
373.5000,2061.72,1970.09,1929.09,1700.7,1759.01,1740.86,1706.97,1671.13,1641.37,1603.52,1557.12
374.0000,2043.72,1951.58,1910.63,1684,1742.03,1723.8,1690.01,1654.15,1624.97,1587.09,1540.75
374.5000,2026.76,1934.88,1893.29,1669.19,1726.77,1707.9,1674.54,1639.3,1609.61,1571.55,1525.9
375.0000,2006.83,1915.81,1874.69,1652.51,1709.51,1691.25,1657.05,1622,1592.11,1555.13,1509.53
375.5000,1987.39,1898.44,1857.91,1636.97,1693.76,1675.18,1641.46,1606.74,1576.59,1539.4,1494.14
376.0000,1965.44,1877.16,1837.31,1617.85,1674.09,1656.15,1622.66,1587.6,1558.58,1520.73,1475.94
376.5000,1944.51,1857.72,1817.35,1599.57,1656.93,1638.3,1604.56,1569.52,1540.78,1503.76,1458.99
377.0000,1925.51,1839.39,1798.96,1583.02,1640.35,1621.63,1588.27,1553.18,1525.35,1488.11,1443.46
377.5000,1904.21,1818.77,1779.13,1565.55,1621.81,1602.61,1569.9,1534.58,1507.55,1470.76,1426.4
378.0000,1885.12,1800.45,1761.1,1549.08,1605.21,1585.39,1553.01,1517.74,1490.81,1455.48,1410.37
378.5000,1861.87,1778.05,1739.06,1529.48,1584.51,1565.33,1532.74,1497.83,1470.43,1435.38,1391.31
379.0000,1840.13,1757.22,1718.37,1511.52,1564.9,1546.68,1513.88,1478.7,1452.43,1418.29,1374.44
379.5000,1820.36,1738.4,1699.11,1494.89,1547.83,1529.36,1496.99,1462.11,1435.78,1402.57,1358.5
380.0000,1798.48,1717.53,1678.18,1476.34,1528.5,1510.03,1478.37,1443.57,1418.58,1384.73,1341.85
380.5000,1778.18,1698.48,1659.68,1459.71,1511.44,1492.87,1460.95,1427.27,1402.54,1368.43,1326.32
381.0000,1754.4,1675.21,1637.17,1439.49,1490.83,1471.3,1440.16,1407.09,1382.51,1348.34,1307.02
381.5000,1732.04,1653.84,1616.65,1421.58,1471.16,1452.55,1421.38,1388.77,1363.94,1330.26,1289.26
382.0000,1711.77,1634.7,1597.63,1404.98,1453.34,1434.71,1404.87,1372.17,1347.13,1314.05,1272.94
382.5000,1689.67,1613.48,1576.67,1385.91,1433.53,1415.69,1386.31,1353.57,1328.36,1296.73,1255.57
383.0000,1669.57,1594.18,1556.66,1368.5,1415.58,1398.27,1369.09,1336.49,1311.6,1280.54,1239.35
383.5000,1645.71,1570.4,1533.25,1348.33,1394.42,1376.8,1348.21,1317.22,1291.01,1261.12,1220.44
384.0000,1623.33,1548.9,1512.27,1330.07,1374.7,1357.84,1328.99,1298.38,1272.36,1242.72,1203.02
384.5000,1603.38,1529.81,1493.01,1313.17,1356.71,1340.58,1311.82,1280.94,1255.98,1226.41,1187.49
385.0000,1581.13,1508.2,1472.57,1294.84,1337.15,1321.54,1292.8,1262.09,1237.9,1208.83,1170.28
385.5000,1560.59,1488.87,1452.75,1277.92,1319.83,1303.42,1275.18,1245.5,1221.39,1193.19,1153.95
386.0000,1536.18,1465.33,1430.11,1257.54,1299.57,1282.45,1254.51,1225.6,1201.95,1173.99,1135.75
386.5000,1514.23,1443.87,1409.24,1238.54,1280.17,1263.71,1235.78,1207.68,1184.25,1155.9,1118.5
387.0000,1493.68,1424.16,1390.22,1221.76,1262.49,1246.03,1218.94,1190.94,1168.25,1139.67,1102.28
387.5000,1471.81,1402.66,1369.51,1203.28,1243.85,1226.55,1200.31,1172.63,1150.41,1122.24,1085.31
388.0000,1451.54,1382.6,1350.49,1186.42,1226.72,1209.15,1183.54,1156.25,1133.92,1106.64,1070.39
388.5000,1427.26,1359.45,1327.94,1166.31,1205.96,1188.73,1163.33,1136.41,1113.99,1087.84,1051.56
389.0000,1405.47,1338.53,1307.37,1148.03,1187.23,1169.96,1144.27,1118.15,1096.03,1071.02,1034.87
389.5000,1385.82,1319.67,1288.18,1132.08,1169.72,1152.81,1127.76,1102.14,1079.64,1055.23,1019.66
390.0000,1361.27,1297.7,1265.85,1112.45,1149.55,1132.15,1107.98,1082.59,1060.2,1036.43,1001.62
390.5000,1343.84,1280.32,1249.31,1097.93,1134.69,1117.86,1093.26,1068.49,1046.39,1022.92,988.443
391.0000,1320.5,1258.18,1227.19,1078.83,1114.28,1098.28,1073.84,1049.77,1027.42,1005.08,970.981
391.5000,1298.72,1238.1,1207.49,1061.02,1096.1,1080.59,1056.06,1031.74,1010.28,988.223,954.706
392.0000,1279.13,1219.79,1189.5,1045.48,1079.52,1064.73,1039.79,1015.78,994.738,973.601,940.638
392.5000,1255.78,1197.81,1168.14,1026.52,1059.61,1044.78,1020.92,997.481,976.274,955.627,923.269
393.0000,1240.22,1181.28,1151.27,1012.18,1045.02,1030.36,1006.4,983.724,962.41,942.424,910.283
393.5000,1217.64,1160.86,1130.15,993.259,1026,1011,987.768,965.114,944.679,924.519,893.526
394.0000,1197.11,1141.19,1111.51,976.912,1008.46,993.045,970.526,948.915,928.111,909.144,878.389
394.5000,1178.47,1123.77,1094.63,961.982,992.416,976.936,955.227,933.898,913.571,894.462,864.666
395.0000,1156.87,1103.14,1074.43,944.091,973.383,958.923,937.18,916.318,896.38,877.093,848.268
395.5000,1137.15,1083.78,1056.02,927.659,956.089,941.709,920.709,900.11,880.599,861.79,833.356
396.0000,1119.66,1066.88,1039.24,912.521,940.889,926.565,905.719,885.265,866.308,848.045,819.881
396.5000,1097.71,1046.17,1019.42,894.737,922.799,908.812,888.265,868.893,849.536,831.155,803.981
397.0000,1081.71,1031.41,1005.11,881.78,909.465,895.447,875.62,856.408,836.998,818.949,792.428
397.5000,1061.18,1011.55,986.254,864.415,891.927,877.585,858.786,839.528,820.87,802.523,776.806
398.0000,1042.61,993.362,968.401,848.868,876.039,861.845,843.2,824.268,805.747,787.957,762.729
398.5000,1026.03,977.379,951.872,835.014,861.268,847.773,829.301,810.513,792.588,775.178,750.041
399.0000,1006.18,957.925,933.098,818.149,843.914,830.321,812.849,793.86,776.958,759.639,734.843
399.5000,988.3,940.296,916.2,802.653,828.851,814.735,797.473,779.51,762.547,745.674,721.609
400.0000,971.985,924.565,901.162,789.058,814.824,800.559,783.765,766.314,749.553,733.151,709.2
400.5000,955.443,909.21,886.637,776.189,801.418,787.147,770.248,753.312,736.695,720.896,696.912
401.0000,937.197,892.506,870.476,762.329,786.497,772.858,755.417,739.207,723.117,707.073,683.984
401.5000,918.16,874.647,852.674,746.575,770.417,757.528,739.967,724.415,708.638,692.385,670.049
402.0000,901.008,858.601,836.49,732.103,756.504,742.682,726.027,710.839,694.999,679.118,657.59
402.5000,885.664,844.154,821.659,719.518,743.746,729.695,713.463,698.727,682.424,667.153,646.01
403.0000,867.791,827.156,805.02,704.602,728.536,714.34,698.973,684.247,668.719,653.241,633.141
403.5000,851.199,811.452,789.922,690.716,714.268,700.508,685.46,670.822,655.833,640.667,620.726
404.0000,836.677,797.632,776.064,678.478,701.7,688.371,673.414,658.973,644.497,629.673,609.625
404.5000,822.679,783.513,762.396,666.506,689.37,676.222,661.537,647.51,633.024,618.458,599.04
405.0000,806.493,768.377,747.46,653.889,675.762,662.939,648.931,634.888,620.433,606.775,588.044
405.5000,789.796,752.359,731.803,640.323,661.647,649.088,634.648,620.856,607.073,593.97,575.587
406.0000,776.07,738.87,718.858,629.159,650.034,637.51,623.378,610.045,596.192,583.427,565.461
406.5000,761.053,724.115,704.258,617.124,637.433,625.216,611.35,598.246,584.391,571.908,554.219
407.0000,744.947,708.832,689.665,603.823,623.731,611.687,598.422,585.577,571.8,559.559,542.376
407.5000,730.286,694.689,676.112,591.793,611.348,599.56,586.466,573.739,560.918,548.855,531.524
408.0000,717.04,682.477,663.887,580.98,600.368,589.034,576.049,563.309,550.754,539.211,521.738
408.5000,701.35,667.711,649.439,568.367,587.455,575.737,563.649,551.22,538.705,527.136,510.384
409.0000,689.449,656.662,638.372,558.949,577.723,565.705,554.159,542.18,529.667,518.422,502.074
409.5000,674.692,642.436,624.304,546.614,565.269,553.145,542.185,530.487,518.373,506.827,490.874
410.0000,662.428,630.805,612.999,536.704,554.603,543.135,532.144,520.924,509.578,497.823,481.889
410.5000,649.069,617.973,600.778,525.701,543.498,531.996,521.439,509.937,499.665,487.715,472.239
411.0000,634.732,604.754,587.483,514.198,531.165,520.052,510.027,498.775,488.742,477.105,461.901
411.5000,622.564,593.007,576.351,504.247,521.181,510.551,500.758,489.772,479.756,468.038,452.95
412.0000,609.963,580.742,564.197,493.821,510.86,500.412,490.664,479.991,470.023,458.454,443.479
412.5000,596.174,567.407,551.631,482.643,500.021,489.345,480.073,469.206,459.84,448.538,433.623
413.0000,583.979,555.73,539.962,473.128,490.145,479.213,469.974,460.086,450.442,439.363,424.733
413.5000,572.822,545.427,530.008,464.382,480.907,470.311,461.438,451.583,442.332,431.259,416.848
414.0000,559.999,533.106,518.283,454.264,470.054,459.65,451.525,441.281,432.464,421.468,407.306
414.5000,550.884,524.062,509.734,446.434,461.957,452.038,444.068,433.757,425.124,414.658,400.617
415.0000,538.389,512.237,498.536,436.3,451.684,441.98,433.686,423.947,415.326,405.293,391.379
415.5000,528.268,502.549,489.018,427.793,443.144,433.476,425.754,416.141,407.372,397.937,384.1
416.0000,517.24,491.973,478.818,418.556,434.079,424.332,416.528,407.419,398.711,390.039,375.983
416.5000,505.166,480.48,468.07,408.761,424.651,414.755,407.225,398.298,389.559,381.664,367.532
417.0000,495.339,471.473,459.056,400.909,416.551,407.054,399.625,390.548,382.355,374.451,360.583
417.5000,484.594,461.522,449.506,392.536,408.312,399.089,390.832,382.319,374.308,366.611,353.178
418.0000,473.468,450.798,438.846,383.117,399.233,389.946,381.81,373.515,365.897,357.969,345.221
418.5000,464.25,441.916,430.624,375.419,391.88,382.335,374.624,366.379,358.797,351.326,338.733
419.0000,454.396,432.562,421.36,367.177,383.545,373.988,366.804,358.351,350.946,343.96,331.409
419.5000,443.846,422.296,411.802,358.696,374.6,365.295,358.674,350.155,342.815,336.191,323.469
420.0000,434.252,413.001,403.099,350.831,366.994,357.642,350.976,343.019,335.515,329.123,316.519
420.5000,425.609,404.914,394.971,344.1,360.239,350.695,344.064,336.553,328.894,323.087,310.604
421.0000,415.535,395.283,385.182,336.356,352.035,342.59,336.614,328.848,321.065,315.765,303.243
421.5000,408.253,388.42,378.561,330.791,346.167,336.4,330.724,323.225,315.553,310.17,298.017
422.0000,398.153,379.052,369.635,322.925,338.01,328.855,323.135,315.69,308.138,302.949,291.245
422.5000,388.709,370.652,361.078,315.382,330.31,321.158,315.573,308.398,300.791,295.746,284.496
423.0000,381.774,363.876,354.642,309.733,324.544,315.365,310.194,303.131,295.684,290.692,279.367
423.5000,373,355.377,346.453,302.386,316.797,307.924,302.722,296.082,288.905,283.596,272.815
424.0000,365.423,348.466,339.567,296.326,310.593,301.816,296.78,289.922,283.365,278.196,267.705
424.5000,357.444,340.695,332.015,289.709,303.955,295.379,290.408,283.608,277.433,272.201,262.105
425.0000,348.925,332.525,324.418,282.822,296.85,288.705,283.654,276.714,270.704,265.612,255.921
425.5000,342.318,325.764,318.17,277.196,290.969,283.142,277.951,271.421,265.435,260.287,251.06
426.0000,334.855,318.559,311.303,271.139,284.791,277.23,271.747,265.331,259.903,254.844,245.726
426.5000,326.895,310.504,304.191,264.661,278.213,270.993,265.241,259.145,253.868,248.968,239.794
427.0000,320.146,304.041,298.212,259.269,272.712,265.374,260.074,254.152,248.805,244.289,235.32
427.5000,313.21,297.223,291.526,253.658,266.934,259.479,254.394,248.498,242.949,239.006,230.212
428.0000,305.762,290.112,284.458,247.877,260.562,253.216,248.259,242.719,237.1,233.273,224.689
428.5000,299.839,284.201,278.919,242.957,255.302,248.202,243.25,237.889,232.516,228.719,220.038
429.0000,293.402,277.98,272.99,237.449,249.761,242.944,237.818,232.367,227.485,223.885,215.436
429.5000,286.367,271.355,266.551,231.663,243.589,236.789,231.913,226.726,221.915,218.859,210.581
430.0000,280.511,266.199,261.085,227.039,238.83,231.949,227.136,222.212,217.356,214.509,206.432
430.5000,274.31,260.566,255.319,222.053,233.617,226.747,222.464,217.219,212.711,209.905,201.882
431.0000,267.485,254.227,249.096,216.648,227.915,221.693,216.873,212.014,207.672,204.968,196.973
431.5000,262.052,249.01,243.886,211.999,223.471,217.142,212.298,207.856,203.596,201.154,193.118
432.0000,256.163,243.259,238.219,207.23,218.508,212.363,207.437,203.32,199.207,196.595,188.76
432.5000,249.906,237.268,232.071,202.105,213.213,207.204,202.46,198.463,194.494,192.08,184.551
433.0000,244.575,232.32,227.133,198.022,208.864,203.099,198.475,194.442,190.545,188.127,180.927
433.5000,238.827,226.879,221.982,193.728,204.091,198.703,194.171,190.303,186.41,183.996,176.775
434.0000,232.992,221.305,216.601,189.29,199.018,193.88,189.412,185.598,181.965,179.443,172.677
434.5000,228.262,216.994,212.074,185.582,195.383,189.969,185.41,182.003,178.382,175.78,169.434
435.0000,223.04,212.126,207.16,181.543,190.943,185.564,181.476,177.973,174.445,171.985,165.796
435.5000,217.51,206.943,202.037,177.031,186.25,181.089,177.046,173.901,170.502,167.99,161.949
436.0000,212.978,202.735,197.861,173.438,182.393,177.47,173.315,170.421,167.147,164.536,158.705
436.5000,208.198,197.947,193.448,169.882,178.387,173.603,169.476,166.779,163.574,160.982,155.267
437.0000,203.136,193.234,188.625,165.859,174.112,169.444,165.072,162.527,159.753,157.191,151.417
437.5000,199.088,189.344,184.873,162.571,170.477,166.221,161.765,159.402,156.555,154.124,148.607
438.0000,194.667,184.845,181.09,158.863,166.558,162.551,158.118,155.791,153.04,150.787,145.481
438.5000,189.721,180.351,176.871,154.993,162.273,158.585,154.061,151.941,149.34,147.276,142.416
439.0000,185.627,176.504,173.184,151.778,158.693,155.416,150.985,148.833,146.188,144.32,139.632
439.5000,181.368,172.49,169.333,148.342,155.09,151.96,147.56,145.592,143.105,141.295,136.476
440.0000,176.907,168.046,165.078,144.595,151.323,148.21,144.07,142.09,139.739,137.956,133.205
440.5000,173.287,164.579,161.632,141.777,148.314,145.157,141.07,139.268,136.995,135.338,130.514
441.0000,169.105,160.896,158.025,138.713,145.167,141.824,138,136.328,134.087,132.567,127.59
441.5000,164.871,156.947,154.326,135.24,141.562,138.387,134.496,133.221,130.881,129.504,124.536
442.0000,161.43,153.689,150.982,132.573,138.776,135.565,131.78,130.602,128.267,127.053,121.933
442.5000,157.725,150.068,147.514,129.653,135.748,132.388,129.018,127.793,125.579,124.305,119.346
443.0000,153.629,146.607,143.899,126.508,132.442,129.204,125.952,124.614,122.6,121.275,116.617
443.5000,150.566,143.661,140.904,124.053,129.608,126.537,123.496,122.133,120.153,118.946,114.316
444.0000,147.14,140.288,137.58,121.168,126.468,123.567,120.782,119.223,117.32,116.233,111.741
444.5000,143.795,137.086,134.332,118.403,123.504,120.666,118.047,116.66,114.722,113.58,109.352
445.0000,139.981,133.62,131.055,115.37,120.523,117.492,115.223,113.996,112.144,110.933,106.636
445.5000,136.832,130.809,128.202,112.869,118.291,115.26,112.834,111.806,109.911,108.975,104.574
446.0000,133.681,127.585,125.306,110.318,115.77,112.744,110.233,109.523,107.527,106.579,102.505
446.5000,130.366,124.4,122.056,107.714,112.97,109.936,107.725,106.931,105.049,104.031,100.099
447.0000,127.68,121.7,119.608,105.652,110.695,107.672,105.68,104.648,102.974,101.835,98.1741
447.5000,124.743,118.709,116.908,103.39,108.081,105.378,103.399,102.342,100.793,99.5663,96.0582
448.0000,121.539,115.449,114.052,100.726,105.203,102.908,100.934,99.9304,98.4154,97.0884,94.0141
448.5000,119.001,113.039,111.652,98.7215,103.092,100.72,99.0897,97.9356,96.376,95.0628,92.2358
449.0000,116.28,110.327,109.156,96.4857,100.786,98.5732,96.8406,95.8767,94.3712,93.0357,90.2581
449.5000,113.396,107.631,106.408,94.296,98.4642,96.107,94.4815,93.6258,92.1414,90.9155,88.0613
450.0000,111.102,105.325,104.25,92.4177,96.4844,94.14,92.6104,91.7031,90.365,89.1069,86.2176
