XYDATA,BFII_nolipid-no_12-15-25-1,BFII_nolipid-no_12-15-25-2,BFII_nolipid-no_12-15-25-3,BFII_nolipid-no_12-15-25-4,BFII_nolipid-no_12-15-25-5,BFII_nolipid-no_12-15-25-6,BFII_nolipid-no_12-15-25-7,BFII_nolipid-no_12-15-25-8,BFII_nolipid-no_12-15-25-9,BFII_nolipid-no_12-15-25-10,BFII_nolipid-no_12-15-25-11
300.0000,78.2947,76.27,68.1301,73.3364,73.1627,72.9332,73.1097,72.7515,72.1612,71.8573,72.4545
300.5000,84.433,82.0795,73.3775,78.814,78.7688,78.2132,78.681,78.1601,77.4255,77.1393,77.9214
301.0000,91.2289,88.7849,79.3286,85.0136,84.8676,84.7601,84.9985,84.4129,83.4552,83.2652,84.0554
301.5000,97.7624,95.1276,84.9422,90.7273,90.7296,90.6148,90.9057,90.1605,89.1303,88.9682,89.8433
302.0000,106.936,104.016,92.5762,99.109,99.1363,98.8599,99.2996,98.1698,97.214,97.1076,98.0183
302.5000,117.443,114.262,101.458,108.429,108.564,108.281,108.831,107.66,106.618,106.563,107.39
303.0000,127.562,124.123,110.125,117.722,117.664,117.654,117.868,116.943,115.779,115.528,116.338
303.5000,139.266,135.299,120.052,128.145,128.261,128.339,128.438,127.395,125.911,125.656,126.521
304.0000,150.606,145.786,129.328,138.174,138.415,138.565,138.414,137.221,135.599,135.351,136.331
304.5000,163.453,158.071,140.047,149.478,149.896,150.181,149.637,148.408,146.573,146.364,147.247
305.0000,178.006,172.287,152.268,162.127,162.89,163.657,162.735,161.283,159.294,159.088,160.065
305.5000,189.513,183.742,161.725,172.198,173.163,174.162,173.029,171.404,169.345,169.115,169.923
306.0000,205.556,198.978,174.727,186.351,187.555,188.343,187.521,185.488,183.423,183.15,183.638
306.5000,218.243,211.35,185.065,197.501,198.797,199.446,198.782,196.506,194.153,193.958,194.11
307.0000,235.83,227.799,199.052,212.959,213.992,214.781,214.036,211.804,209.094,209.042,209.159
307.5000,249.444,240.669,210.143,224.708,226.399,226.91,226.035,223.666,220.874,220.708,220.886
308.0000,268.486,258.865,225.195,241.221,243.094,243.79,242.678,240.282,237.372,236.854,236.989
308.5000,287.02,276.068,239.578,256.955,259.292,259.626,258.729,256.004,252.961,252.151,252.233
309.0000,303.981,292.384,253.346,271.283,274.628,274.769,273.767,271.054,267.507,266.515,266.387
309.5000,323.931,311.199,269.232,288.752,292.421,292.345,291.097,287.939,284.572,283.289,283.174
310.0000,342.395,328.968,284.124,304.827,308.641,308.799,307.444,303.731,300.34,298.574,298.817
310.5000,361.65,347.328,299.078,321.401,325.39,325.587,324.272,320.308,316.912,315.036,314.943
311.0000,383.86,368.146,316.396,340,344.443,344.942,343.074,338.843,335.623,333.632,333.011
311.5000,404.517,388.012,332.448,357.748,362.514,363.066,361.176,356.757,353.192,350.736,350.37
312.0000,427.626,410.775,350.51,377.748,383.192,383.141,381.532,376.806,373.073,370.013,369.91
312.5000,449.635,431.668,367.931,396.426,402.708,402.147,400.595,395.724,391.396,388.197,387.741
313.0000,474.338,454.822,387.327,417.631,424.043,423.785,422.237,416.807,412.368,408.402,408.065
313.5000,498.071,476.746,405.643,437.244,444.186,444.269,442.452,436.339,432.048,427.353,427.184
314.0000,524,501.201,426.187,459.422,466.777,466.789,464.954,458.662,454.199,448.934,448.794
314.5000,552.819,528.323,449.022,484.292,492.158,492.379,489.78,483.835,478.861,473.304,472.802
315.0000,574.944,549.451,466.497,503.581,511.63,511.53,509.302,502.477,497.649,492.078,491.233
315.5000,605.294,578.276,489.712,529.093,538.032,537.955,534.987,528.431,523.126,517.15,516.314
316.0000,628.471,600.166,507.839,549.063,558.128,558.109,555.22,548.122,542.559,536.458,535.463
316.5000,659.981,630.057,531.997,575.939,585.811,585.475,582.316,574.645,569.138,562.153,561.06
317.0000,688.95,657.891,554.659,600.975,611.608,611.091,607.167,599.664,593.536,586.818,585.361
317.5000,715.894,683.802,575.412,624.089,634.934,634.285,630.023,622.771,616.196,609.373,607.706
318.0000,743.668,710.501,596.631,647.504,658.669,658.227,653.224,646.4,638.97,632.62,630.423
318.5000,774.215,739.964,620.525,673.447,684.963,685.008,679.42,672.267,664.774,658.135,655.422
319.0000,802.594,766.171,642.426,697.573,709.599,709.247,703.752,696.32,688.674,681.307,678.758
319.5000,833.913,795.784,666.277,724.304,737.002,736.381,731.071,722.859,714.897,707.168,704.102
320.0000,863.276,823.543,688.531,748.817,762.263,761.901,756.319,747.486,739.116,731.009,727.899
320.5000,895.845,853.901,713.769,775.95,789.826,789.942,783.825,775.036,766.112,757.759,754.275
321.0000,932.158,888.121,740.785,806.376,821.014,821.052,814.627,805.018,795.59,786.998,783.785
321.5000,959.037,914.225,761.547,829.929,844.299,844.352,837.902,827.943,818.456,809.642,806.497
322.0000,995.378,949.567,789.764,861.358,876.213,875.8,869.833,858.943,849.486,840.249,836.994
322.5000,1023.58,976.09,811.222,885.198,900.832,899.878,894.025,883.16,873.096,863.14,859.752
323.0000,1061,1011.37,840.219,916.965,933.634,932.516,927.065,914.912,904.825,894.527,891.055
323.5000,1095.89,1044.52,867.429,946.4,964.101,962.892,956.521,944.299,934.307,923.103,919.939
324.0000,1127.96,1074.82,891.862,973.732,991.944,990.888,983.714,970.933,960.959,948.881,946.101
324.5000,1160.46,1105.52,916.862,1000.75,1019.67,1018.75,1011.32,998.292,988.044,975.819,972.738
325.0000,1195.76,1139.25,944.308,1031.16,1050.62,1049.35,1041.85,1027.81,1017.97,1005.11,1001.94
325.5000,1227.68,1170.53,970.064,1058.92,1078.79,1077.56,1069.69,1055.37,1045.27,1031.81,1028.95
326.0000,1263.48,1204.3,998.391,1089.42,1110.15,1108.56,1100.74,1085.45,1075.27,1060.94,1058.35
326.5000,1295.97,1235.54,1023.8,1117.26,1138.32,1137.09,1128.74,1113.38,1102.35,1088.24,1085.75
327.0000,1331.39,1270.12,1051.77,1147.88,1169.88,1168.38,1159.8,1143.92,1132.73,1118.33,1115.92
327.5000,1370.8,1308.23,1082.81,1181.35,1203.3,1201.91,1193.13,1176.65,1165.11,1150.73,1148.24
328.0000,1400.34,1336.23,1105.19,1206.25,1228.85,1227.7,1218.71,1202.36,1190.15,1175.3,1172.16
328.5000,1439.14,1373.31,1136.15,1239.51,1263.52,1262.02,1252.77,1235.55,1222.11,1207.61,1204.35
329.0000,1467.87,1400.89,1158.33,1264.09,1289.51,1287.13,1277.97,1260.83,1246.62,1231.84,1228.83
329.5000,1506.7,1437.54,1188.25,1296.79,1323.27,1320.36,1310.94,1293.42,1279.25,1264.61,1260.74
330.0000,1538.97,1467.17,1213.29,1324.85,1350.92,1348.92,1338.1,1320.75,1306.12,1291.29,1286.94
330.5000,1574.29,1500.01,1240.31,1354.78,1380.94,1379.73,1368.32,1349.97,1335.57,1320.41,1315.63
331.0000,1605.42,1530.52,1264.91,1381.39,1408.5,1407.63,1395.55,1376.63,1362.2,1347.08,1342.04
331.5000,1639.32,1563.19,1291.53,1410.4,1438.68,1437.76,1425.23,1405.8,1391.51,1375.87,1370.79
332.0000,1670.2,1592.99,1315.48,1436.45,1465.72,1464.72,1451.64,1431.99,1417.39,1401.22,1396.64
332.5000,1703.99,1625.84,1341.78,1465.4,1494.77,1494.26,1480.69,1459.96,1445.84,1428.96,1424.97
333.0000,1740.01,1660.63,1369.49,1495.68,1526.4,1525.85,1512.28,1490.63,1476.18,1458.5,1454.78
333.5000,1766.89,1685.87,1390.46,1518.85,1549.78,1548.89,1535.23,1513.01,1498.9,1480.87,1476.81
334.0000,1802.41,1719.18,1417.24,1548.29,1580.1,1579.45,1565.25,1541.8,1528.6,1509.93,1505.5
334.5000,1830.89,1746.07,1439.37,1572.02,1604.41,1604.24,1589.95,1566.36,1552.58,1533.93,1529.11
335.0000,1862.35,1774.84,1462.81,1598.21,1630.9,1631.13,1616.46,1593.22,1578.87,1559.42,1554.39
335.5000,1889.54,1800.55,1484.07,1620.68,1654.8,1655.15,1640.65,1616.5,1602.1,1581.91,1577.05
336.0000,1919.77,1828.36,1506.8,1645.07,1680.71,1681.28,1666.98,1641.62,1627.47,1606.31,1601.66
336.5000,1946.36,1853.67,1527.62,1667.49,1703.51,1704.51,1689.74,1664.48,1649.9,1628.25,1623.39
337.0000,1975.54,1882.07,1549.45,1692.17,1728.3,1728.91,1714.11,1688.51,1673.82,1651.98,1646.65
337.5000,2006.16,1911.53,1573.17,1717.25,1755.06,1756,1739.46,1714.22,1699.35,1676.95,1671.96
338.0000,2027.87,1933.09,1590.61,1736.46,1774.37,1775.14,1758.26,1733.38,1718.22,1695.75,1690.05
338.5000,2056.97,1960.37,1612.42,1761.26,1799.74,1800.79,1783.17,1757.47,1742.68,1719.11,1713.56
339.0000,2080.28,1982.83,1630.92,1780.67,1819.77,1820.78,1803.18,1777.3,1762.56,1738.63,1731.25
339.5000,2105.72,2007.11,1650.51,1801.58,1841.5,1842.14,1824.16,1798.83,1783.73,1759.45,1751.01
340.0000,2127.75,2028.15,1667.4,1819.89,1860.49,1860.97,1843.32,1818.09,1801.55,1778.17,1768.05
340.5000,2151.36,2050.96,1684.98,1839.5,1880.65,1881.69,1863.43,1837.52,1821.47,1797.95,1787.99
341.0000,2173.04,2070.26,1701.09,1857.18,1898.08,1899.4,1881.18,1854.98,1838.67,1815.02,1804.71
341.5000,2195.34,2090.5,1717.65,1876.03,1917.51,1917.59,1900.18,1873.66,1856.52,1833.63,1822.29
342.0000,2218.63,2112.58,1735.14,1894.36,1937.35,1936.71,1920.28,1893.31,1876.08,1852.63,1841.56
342.5000,2235.38,2128.11,1747.55,1907.94,1952.3,1950.42,1934.69,1907.37,1889.18,1866.24,1855.21
343.0000,2257.12,2149.03,1764.41,1926.05,1970.39,1969.21,1952.28,1925.35,1906.79,1883.66,1872.31
343.5000,2275.12,2165.67,1776.69,1940.19,1984.53,1984.22,1966.88,1939.48,1921.14,1897.83,1886.05
344.0000,2293.05,2183.32,1789.92,1955.67,1999.66,1999.72,1982.33,1954.8,1936.02,1912.75,1901.08
344.5000,2308.7,2198.58,1801.68,1968.38,2012.64,2013.02,1996.02,1967.86,1949.11,1925.61,1913.64
345.0000,2325.58,2213.72,1813.83,1982.49,2026.47,2027.2,2009.56,1981,1962.82,1939.27,1927.39
345.5000,2339.57,2226.34,1823.98,1993.93,2038.56,2039.16,2021.52,1992.85,1974.69,1950.89,1939.39
346.0000,2354.26,2239.64,1835.02,2006.91,2051.22,2051.71,2033.57,2004.37,1986.59,1962.73,1951.69
346.5000,2369.91,2254.51,1846.51,2019.52,2063.41,2064.65,2045.62,2017.42,2000,1974.74,1963.49
347.0000,2381.43,2266.25,1855.24,2029.82,2073.42,2074.95,2055.13,2026.98,2009.79,1983.69,1973.07
347.5000,2393.5,2278.53,1865.3,2039.88,2082.94,2085.9,2065.56,2036.99,2018.99,1993.54,1982.81
348.0000,2403.19,2288.44,1872.99,2047.21,2091.82,2094.78,2074.5,2045.45,2027.32,2001.71,1990.92
348.5000,2413.37,2297.89,1881.06,2056.43,2100.77,2103.8,2083.77,2054.77,2035.8,2010.22,1999.92
349.0000,2422.41,2306.24,1887.23,2063.46,2108.07,2110.65,2090.56,2062.23,2042.44,2017.15,2006.93
349.5000,2431.53,2315.09,1894.38,2071.03,2114.87,2117.89,2097.35,2069.77,2049.2,2024.77,2014.15
350.0000,2440.03,2323.55,1900.56,2078.92,2121.93,2125.41,2105.39,2077.69,2056.62,2032.88,2020.98
350.5000,2447.24,2329.43,1905.3,2083.48,2126.93,2130.26,2111.15,2083.22,2061.98,2038.32,2026.04
351.0000,2454.13,2334.85,1910.23,2088.64,2132.53,2135.31,2116.92,2089.08,2067.24,2043.77,2031.75
351.5000,2459.28,2340.18,1913.95,2092.98,2137.22,2139.68,2121.34,2093.26,2071.29,2047.93,2036.2
352.0000,2463.99,2346.1,1918.03,2096.34,2141.88,2143.95,2126.07,2098.12,2074.74,2052.28,2040.24
352.5000,2468.41,2350.06,1920.93,2099.72,2145.36,2147.61,2129.44,2101.22,2078.1,2055.69,2044.03
353.0000,2472.25,2354.62,1924.3,2102.79,2148.33,2150.6,2132.95,2103.83,2080.53,2058.57,2047.3
353.5000,2475.94,2357.91,1925.75,2105.53,2150.59,2152.88,2135.26,2106.05,2082.67,2060.74,2049.54
354.0000,2478.22,2360.88,1926.95,2107.82,2152.56,2154.22,2137.6,2107.94,2084.45,2063.04,2051.38
354.5000,2479.07,2362.2,1926.75,2109.05,2154.27,2155.33,2139.18,2109.05,2085.67,2064.59,2052.6
355.0000,2480.04,2362.83,1926.94,2109.56,2154.79,2156.54,2140.02,2109.43,2086.21,2065.19,2053.78
355.5000,2480.25,2363.54,1927.19,2109.96,2154.84,2156.56,2141.14,2109.4,2086.26,2065.65,2053.65
356.0000,2479.57,2362.64,1926.83,2108.84,2153.71,2155.74,2141.36,2108.96,2085.56,2065,2053.79
356.5000,2478.66,2362.57,1925.89,2107.42,2153.03,2154.94,2140.44,2108.8,2084.47,2064.06,2053.46
357.0000,2476.98,2359.9,1924.24,2105.97,2151.77,2153.6,2138.94,2107.12,2083.02,2062.39,2053.83
357.5000,2475.19,2357.71,1921.85,2103.64,2150.54,2152.63,2137.75,2105.12,2080.8,2061.14,2052.42
358.0000,2472.53,2354.38,1919.29,2100.79,2147.89,2150.06,2134.12,2102.22,2078.96,2058.15,2050.96
358.5000,2469.06,2351.24,1916.28,2097.59,2144.15,2146.13,2130.56,2098.96,2075.9,2055.35,2048.01
359.0000,2465.08,2347.83,1912.7,2094.13,2140.72,2142.88,2126.66,2095.74,2073.01,2051.61,2044.62
359.5000,2460.66,2343.35,1908.84,2090.28,2136.72,2139.47,2122.96,2091.85,2069.32,2047.69,2041.29
360.0000,2456.43,2339.41,1905.19,2087.15,2132.28,2135.74,2118.59,2087.94,2065.1,2044.09,2036.78
360.5000,2450.52,2334.2,1900.02,2082.88,2126.48,2131.43,2113.88,2083.36,2060.21,2038.88,2032.05
361.0000,2444.79,2328.04,1894.75,2077.38,2121.71,2126.28,2109.52,2078.95,2054.31,2033.48,2027.66
361.5000,2436.05,2319.76,1888.44,2070.66,2115.46,2119.44,2102.94,2072.21,2047.4,2026.74,2021.69
362.0000,2428.91,2312.03,1882.42,2063.89,2109,2113.45,2096.08,2065.79,2041.19,2020.45,2015.2
362.5000,2421.22,2304.64,1876.73,2058,2103.44,2107.44,2089.53,2059.38,2035.19,2014.1,2008.77
363.0000,2412.85,2296.72,1870.15,2050.4,2095.87,2099.6,2082.77,2052.52,2027.39,2006.28,2000.89
363.5000,2405.28,2288.99,1863.82,2042.85,2088.17,2092.68,2076.08,2045.49,2020.6,1999.06,1993.64
364.0000,2395.92,2280.01,1855.68,2033.5,2079.86,2083.74,2067.68,2037.43,2012.15,1991.12,1985.81
364.5000,2386.64,2271.1,1847.61,2025.64,2072.31,2075.82,2059.77,2029.21,2004.14,1983.37,1978.52
365.0000,2375.14,2259.5,1838.8,2015.29,2061.41,2065.78,2050.56,2019.17,1994.38,1973.66,1968.6
365.5000,2364.11,2248.03,1829.03,2005.8,2052.24,2054.88,2040.71,2010.12,1985.43,1963.87,1959.39
366.0000,2354.54,2237.96,1820.09,1997.28,2042.48,2044.72,2031.32,2000.89,1976.62,1955.04,1950.6
366.5000,2342.36,2226.75,1809.77,1986.16,2031.94,2033.51,2020.56,1990.21,1966.5,1944.35,1939.92
367.0000,2330.99,2215.35,1800.19,1976.72,2021.75,2023.29,2010.94,1980.12,1957.1,1934.67,1930.35
367.5000,2316.7,2200.49,1787.59,1963.71,2008.92,2010.57,1998.71,1967.06,1944.41,1921.76,1917.44
368.0000,2303.5,2186.87,1775.46,1951.35,1997.15,1997.79,1985.9,1954.9,1931.82,1909.64,1905.72
368.5000,2289.72,2174.24,1764.49,1940.21,1986.04,1986.7,1973.59,1943.96,1920.58,1898.74,1894.89
369.0000,2274.47,2160.04,1751.83,1927.31,1973.08,1973.95,1959.9,1930.84,1907.99,1885.89,1882.34
369.5000,2260.34,2146.27,1740.42,1914.51,1960.19,1961.67,1947.76,1918.92,1896.17,1873.83,1870.87
370.0000,2244.35,2130.03,1727.53,1901.24,1945.99,1947.59,1933.63,1904.98,1882.55,1859.86,1856.75
370.5000,2229.24,2115.82,1715.67,1888.63,1932.33,1933.95,1920.35,1892.35,1869.5,1847.1,1843.81
371.0000,2210.45,2098.21,1700.55,1872.77,1916.56,1918.28,1903.96,1876.61,1854.03,1831.85,1828.05
371.5000,2192.65,2081.07,1687.34,1857.83,1901.42,1903.09,1888.91,1861.18,1839.26,1817.8,1813.33
372.0000,2177.1,2065.35,1674.87,1843.95,1887.51,1888.79,1874.66,1847.18,1825.81,1803.62,1799.83
372.5000,2159.91,2047.88,1660.57,1828.21,1871.13,1873.32,1858.8,1831.66,1809.68,1788.31,1784.61
373.0000,2143.33,2031.45,1647.1,1813.73,1856.33,1858.55,1843.87,1817.67,1795.6,1774.27,1770.61
373.5000,2122.36,2010.75,1630.69,1795.81,1837.91,1840.68,1825.45,1799.99,1778.56,1756.72,1753.17
374.0000,2103.07,1992.15,1614.99,1780.13,1820.66,1823.88,1807.93,1783.44,1762.56,1740.6,1737.07
374.5000,2085.02,1974.58,1601.38,1765,1804.65,1808.17,1792.69,1767.64,1747.35,1725.91,1722.28
375.0000,2064.42,1955.79,1584.67,1748.31,1786.73,1790.23,1775.78,1751.02,1730.59,1709.35,1705.21
375.5000,2046.1,1937.91,1570.24,1732.64,1770.6,1774.38,1759.73,1735.41,1714.67,1693.26,1689.15
376.0000,2023.06,1916.14,1552.85,1714.17,1750.68,1755.42,1740.36,1715.7,1695.02,1674.15,1670.77
376.5000,2001.92,1896.26,1536.59,1695.91,1732.65,1737.51,1722.31,1697.97,1677.16,1656.3,1653.01
377.0000,1981.89,1878.14,1521.47,1679.62,1715.75,1720.19,1705.54,1681.62,1660.81,1640.4,1637.25
377.5000,1960.62,1857.55,1504.89,1660.86,1696.83,1701.01,1687.06,1662.77,1642.08,1622.45,1619.67
378.0000,1940.7,1838.05,1489.5,1643.99,1679.92,1683.74,1670.05,1645.71,1625.89,1606.04,1603.48
378.5000,1916.24,1814.36,1471.56,1623.21,1659.48,1662.74,1649.02,1624.96,1606.76,1586.46,1583.61
379.0000,1894.38,1794.03,1453.95,1604.86,1640.24,1643.86,1629.79,1606.31,1589,1569.06,1565.16
379.5000,1874.47,1775.05,1438.33,1588.37,1622.72,1626.3,1612.97,1589.7,1571.8,1552.45,1547.84
380.0000,1852.13,1753.64,1420.65,1569.02,1602.58,1606.18,1592.72,1570.32,1553.07,1534.44,1529.76
380.5000,1831.94,1734.35,1404.13,1551.57,1584.35,1588.34,1574.58,1552.57,1536.04,1517.27,1513.17
381.0000,1806.87,1711.01,1383.98,1530.52,1563.01,1566.26,1553.09,1531.66,1514.77,1496.64,1492.46
381.5000,1783.11,1688.65,1366.3,1511.52,1543.33,1546.55,1532.86,1512.88,1496.17,1477.81,1473.09
382.0000,1761.98,1668.76,1350.49,1493.92,1525.09,1528.52,1515.14,1495.43,1478.85,1460.55,1455.74
382.5000,1739.11,1646.76,1332.28,1474.44,1505.1,1508.16,1495.63,1475.89,1459.44,1441.55,1436.54
383.0000,1718.58,1626.2,1315.35,1456.84,1486.67,1489.73,1477.56,1457.55,1441.36,1424.28,1419.16
383.5000,1693.25,1602.78,1296.46,1434.81,1464.84,1468.02,1455.53,1435.39,1420.37,1403.31,1398.76
384.0000,1669.78,1581.13,1278.34,1414.71,1445,1448.43,1435.6,1415.78,1400.37,1384.27,1379.4
384.5000,1648.67,1561.23,1262.47,1396.73,1426.89,1430.81,1417.08,1398.22,1382.2,1367.16,1362.58
385.0000,1625.73,1539.87,1244.83,1376.56,1406.51,1410.77,1397.5,1378.53,1363.43,1347.85,1343.3
385.5000,1604.74,1520.49,1228.75,1358.59,1388.11,1392.42,1379.35,1360.78,1346.41,1330.51,1326.55
386.0000,1578.89,1497,1209.97,1337.55,1366.79,1371.52,1358.09,1339.34,1325.25,1309.26,1305.59
386.5000,1556.04,1475.1,1191.96,1317.83,1346.43,1350.9,1338.77,1319.79,1305.55,1290.04,1286.48
387.0000,1535.79,1455.11,1176.11,1300.68,1328.08,1332.63,1320.97,1302.08,1287.77,1272.8,1268.83
387.5000,1512.89,1432.95,1158.26,1281.36,1308.07,1312.57,1300.92,1282.36,1268.98,1253.57,1249.91
388.0000,1492.02,1413.1,1142.05,1263.89,1290.53,1294.65,1282.56,1264.75,1252.08,1236.88,1233.68
388.5000,1467.02,1389.8,1123.64,1243.01,1269.75,1273.24,1261.76,1243.95,1231.73,1215.99,1213.36
389.0000,1445.27,1368.47,1106.56,1223.8,1249.8,1253.74,1242.27,1225.09,1213.18,1197.42,1195.31
389.5000,1424.73,1349.35,1090.56,1205.97,1231.19,1236.14,1224.77,1207.9,1195.62,1180.24,1178.43
390.0000,1400.43,1326.1,1072.04,1185.61,1210.49,1214.79,1202.98,1187.42,1175.84,1159.81,1158.96
390.5000,1381.96,1308.85,1058.01,1170.17,1194.68,1198.19,1187.68,1171.91,1160.81,1144.72,1143.6
391.0000,1358.17,1286.71,1038.51,1149.7,1174.1,1176.47,1167.09,1150.06,1139.61,1124.94,1123.62
391.5000,1336.99,1266.01,1021.69,1131.39,1154.76,1157.45,1147.54,1131.91,1121.28,1106.46,1105.37
392.0000,1317.23,1247.41,1006.34,1114.53,1137.85,1140.28,1130.45,1115.49,1104.54,1090.05,1088.81
392.5000,1294.31,1225.13,988.342,1094.33,1117.85,1119.76,1109.79,1095.14,1084.38,1070.03,1069.28
393.0000,1276.09,1208.67,975.521,1079.21,1102.36,1104.1,1094.83,1079.98,1069.54,1055.41,1055
393.5000,1253.17,1186.62,957.137,1059.29,1082.37,1083.64,1074.39,1060.4,1050.52,1036.45,1035.68
394.0000,1232.23,1166.4,941.009,1040.75,1064.24,1065.51,1056.71,1042.79,1032.56,1018.81,1018.38
394.5000,1213.11,1148.16,926.164,1024.72,1047.55,1049.22,1040.81,1026.38,1016.23,1002.82,1002.33
395.0000,1189.78,1127.12,908.576,1005.82,1028.01,1029.73,1021.24,1007.32,997.984,983.988,983.63
395.5000,1169.22,1107.66,892.42,988.377,1009.81,1011.77,1003.39,989.898,980.713,966.569,967.225
396.0000,1150.88,1090.44,878.026,972.802,993.746,995.482,987.801,974.272,965.392,951.201,951.865
396.5000,1129.45,1069.2,861.01,953.869,974.671,976.5,968.448,956.039,946.456,932.758,933.952
397.0000,1113.48,1053.98,848.419,938.806,960.484,961.881,954.92,941.843,932.528,919.328,920.289
397.5000,1091.92,1033.72,831.985,920.338,941.944,942.89,936.835,923.296,914.612,901.265,902.639
398.0000,1072.15,1015.42,816.915,903.308,924.895,926.31,920.537,906.816,898.181,884.968,886.077
398.5000,1054.89,998.826,803.411,888.443,909.682,911.471,905.53,891.883,883.782,870.301,871.734
399.0000,1033.88,978.923,787.597,871.034,892.096,894.423,887.888,874.347,866.046,853.564,854.95
399.5000,1015.3,961.539,772.985,855.535,875.469,877.98,871.921,858.228,850.11,838.122,839.719
400.0000,998.57,945.624,760.123,841.344,860.467,863.198,857.37,843.889,835.723,824.106,825.958
400.5000,981.817,929.824,747.346,827.142,846.27,848.763,842.667,830.266,821.998,810.254,812.4
401.0000,963.87,912.647,733.36,811.535,830.389,833.252,826.991,815.224,806.826,795.834,797.414
401.5000,944.09,893.432,718.432,795.382,813.79,816.343,810.372,798.468,790.336,779.756,781.563
402.0000,926.26,876.384,705.13,780.247,798.813,800.935,795.363,783.349,775.487,764.71,766.766
402.5000,910.109,861.129,692.99,766.996,785.245,786.98,781.718,769.958,762.364,751.728,753.591
403.0000,890.894,843.19,678.648,751.337,768.942,770.866,765.642,754.1,746.294,736.686,738.238
403.5000,874.101,827.479,665.544,737.468,754.618,756.463,750.822,739.633,731.767,722.824,724.052
404.0000,858.975,813.019,653.837,724.412,741.481,743.223,738.076,726.907,719.266,710.588,711.538
404.5000,843.938,799.284,642.858,711.681,728.795,730.578,725.119,714.412,706.506,698.421,699.353
405.0000,827.678,784.017,630.752,698.313,714.919,716.625,711.212,700.908,692.953,685.107,686.435
405.5000,810.067,767.701,617.374,683.506,699.583,701.502,696.456,686.192,678.453,670.618,671.674
406.0000,795.593,754.1,605.879,671.602,686.896,689.225,684.057,673.969,666.094,658.568,659.581
406.5000,780.542,738.97,593.769,658.309,673.284,675.962,670.669,660.878,652.93,645.821,646.532
407.0000,763.87,722.96,580.875,644.311,659.074,660.992,656.369,646.707,638.749,631.832,632.919
407.5000,748.936,708.287,569.331,631.698,646.458,648.13,643.58,633.8,626.088,619.087,620.014
408.0000,735.244,695.202,559.3,620.483,634.617,636.749,631.954,622.213,614.659,608.306,608.829
408.5000,718.876,679.733,547.729,606.821,620.847,623.374,618.574,610.285,601.916,594.905,595.676
409.0000,707.349,668.396,538.668,596.514,611.247,613.306,608.894,599.93,591.967,585.246,586.146
409.5000,691.75,653.878,526.778,583.503,597.84,599.856,596.128,586.388,579.484,572.701,573.846
410.0000,679.054,641.721,517.1,572.74,586.715,588.982,585.313,575.604,569.091,562.893,563.224
410.5000,665.711,628.599,506.266,561.485,575.152,576.996,573.106,564.284,558.016,551.696,552.253
411.0000,650.94,615.37,494.817,548.982,562.301,564.563,560.795,551.922,545.781,539.547,540.332
411.5000,638.709,603.877,485.732,539.458,551.905,553.794,550.28,541.819,535.998,529.841,530.398
412.0000,625.744,591.765,475.833,528.735,540.808,542.534,538.727,530.83,524.784,519.162,519.856
412.5000,611.944,578.532,465.055,516.985,529.031,530.715,526.718,519.186,512.825,507.782,508.269
413.0000,599.546,566.655,455.507,506.418,518.248,519.912,516.548,508.814,502.454,497.51,497.561
413.5000,587.942,556.115,446.982,497.192,508.827,510.07,506.574,499.16,493.113,487.981,488.372
414.0000,574.673,543.82,436.667,485.998,497.054,498.644,495.494,488.018,482.385,477.534,477.256
414.5000,564.603,534.735,429.241,477.913,488.739,490.374,487.019,479.782,474.094,469.515,469.182
415.0000,551.516,522.462,419.336,467.034,477.951,479.557,475.733,469.123,463.639,458.803,458.648
415.5000,541.068,512.521,411.764,458.518,469.325,470.396,466.574,460.642,454.938,450.119,449.874
416.0000,529.578,501.728,403.354,449.089,459.455,460.454,456.695,451.313,445.469,441.237,440.437
416.5000,517.346,490.253,393.887,438.633,448.925,449.753,446.516,440.872,435.123,431.128,430.497
417.0000,507.461,481.12,386.31,430.034,440.389,441.173,438.069,432.504,426.942,422.898,421.93
417.5000,496.788,470.986,378.378,420.641,431.346,431.664,428.76,423.414,417.828,414.251,412.811
418.0000,485.277,460.431,369.738,410.807,421.331,421.603,419.096,413.334,408.247,404.753,403.173
418.5000,475.773,451.721,362.458,403.131,413.453,413.299,411.354,405.206,400.424,396.797,395.366
419.0000,465.607,442.562,354.54,394.709,404.502,404.6,402.638,396.668,391.977,388.141,387.007
419.5000,454.806,432.41,346.496,385.496,394.595,395.134,393.522,387.673,383.348,379.466,378.135
420.0000,445.045,423.545,339.044,377.244,386.304,386.688,385.119,379.231,375.198,371.458,370.171
420.5000,436.493,415.254,332.365,369.933,379.137,379.212,377.648,371.853,368.1,364.362,362.949
421.0000,426.481,405.288,324.935,361.58,370.246,369.857,368.892,363.132,359.805,355.802,354.615
421.5000,418.965,398.189,319.275,355.441,363.819,363.484,362.377,356.759,353.556,349.511,348.28
422.0000,409.169,388.778,311.571,347.3,355.038,355.134,353.969,348.296,345.529,341.463,340.106
422.5000,399.557,379.683,304.078,338.896,346.478,346.589,345.502,339.912,337.475,333.423,331.936
423.0000,392.291,373.255,298.918,333.061,340.533,340.624,339.694,333.975,331.583,327.513,325.984
423.5000,383.214,364.386,292,325.218,332.642,332.505,331.809,326.096,323.683,320.027,318.4
424.0000,375.052,357.152,286.222,319.131,326.29,325.804,325.379,319.595,317.373,313.646,312.432
424.5000,366.697,349.355,280.001,312.244,319.548,318.856,318.15,312.498,310.871,307.313,305.582
425.0000,357.71,341.298,273.304,305.078,311.811,311.24,310.523,305.285,303.412,300.224,298.615
425.5000,350.43,334.67,267.628,298.775,305.766,305.01,304.427,299.255,297.488,294.275,292.804
426.0000,342.693,327.619,261.784,292.082,299.349,298.466,297.65,292.683,291.221,287.818,286.479
426.5000,334.238,319.764,255.476,285.109,292.279,291.618,290.429,285.727,284.548,280.863,279.713
427.0000,327.583,313.236,250.509,279.407,286.536,285.898,284.87,280.171,278.493,275.219,274.279
427.5000,320.464,306.384,244.988,273.223,280.429,279.512,278.811,273.937,272.287,268.773,268.319
428.0000,312.655,299.107,239.073,266.852,273.691,272.842,272.49,267.44,265.612,262.495,261.86
428.5000,306.302,292.858,234.35,261.582,268.557,267.183,266.978,262.07,260.235,257.211,256.53
429.0000,299.577,286.433,229.137,255.594,262.695,261.508,261.071,256.168,254.405,251.497,250.863
429.5000,292.253,279.601,223.546,249.211,256.557,255.182,255.084,249.998,248.55,245.407,244.656
430.0000,286.537,273.975,219.182,244.187,251.275,249.867,249.936,244.972,243.765,240.551,239.773
430.5000,280.058,267.892,214.541,238.507,245.904,244.105,244.099,239.587,238.379,235.378,234.641
431.0000,273.64,261.238,209.438,232.524,239.82,238.253,238.189,233.796,232.586,230.097,229.016
431.5000,268.101,256.051,205.299,227.897,235.146,233.318,233.583,229.071,227.89,225.364,224.568
432.0000,262.215,250.416,200.974,223.112,230.004,228.067,228.255,224.084,223.045,220.349,219.62
432.5000,256.098,244.203,196.014,217.765,224.285,222.507,222.684,218.584,217.601,215.275,213.909
433.0000,250.749,239.358,191.98,213.629,219.563,218.097,218.262,213.911,213.128,211.092,209.86
433.5000,245.221,234.03,187.657,208.93,214.395,213.094,213.494,208.783,208.106,206.087,205.17
434.0000,239.427,228.179,183.202,203.869,209.138,207.911,207.996,203.966,203.221,201.244,200.131
434.5000,234.367,223.46,179.368,199.688,204.923,203.702,203.614,199.709,199.186,196.928,196.218
435.0000,229.139,218.402,175.3,195.25,200.209,199.314,198.801,195.218,194.87,192.193,191.903
435.5000,223.376,212.665,170.848,190.652,195.399,194.655,194.079,190.548,190.121,187.473,187.616
436.0000,218.657,208.324,167.324,186.767,191.222,190.653,189.839,186.88,186.107,183.671,183.853
436.5000,213.821,203.505,163.735,182.665,187.009,186.438,185.408,182.909,181.963,179.705,179.782
437.0000,208.489,198.506,159.979,178.212,182.475,182.012,180.659,178.292,177.376,175.177,175.533
437.5000,204.253,194.323,156.768,174.849,178.584,178.455,176.979,174.651,173.749,171.615,172.055
438.0000,199.724,189.92,153.154,170.888,174.336,174.232,173.138,170.683,169.874,167.585,168.023
438.5000,194.717,184.976,149.273,166.609,170.122,169.937,168.793,166.739,165.611,163.362,163.957
439.0000,190.645,181.193,146.11,163.2,166.712,166.499,165.197,163.317,162.195,160.005,160.558
439.5000,186.332,177.085,142.834,159.492,163.022,162.471,161.317,159.731,158.506,156.291,157.085
440.0000,181.485,172.638,139.246,155.478,159.106,158.43,157.58,155.683,154.51,152.613,153.128
440.5000,177.755,168.968,136.206,152.296,155.788,155.154,154.387,152.583,151.356,149.528,150.149
441.0000,173.762,165.026,133.203,148.814,152.253,151.571,150.791,149.066,148.087,146.301,146.691
441.5000,169.517,161.176,130.036,144.989,148.468,147.747,147.112,145.332,144.531,142.68,142.865
442.0000,166.005,157.955,127.419,142.021,145.35,144.759,144.149,142.266,141.459,139.696,139.954
442.5000,162.352,154.45,124.505,138.749,141.975,141.554,140.887,138.955,138.125,136.455,136.762
443.0000,158.451,150.64,121.575,135.505,138.349,138.117,137.49,135.58,134.56,133.139,133.465
443.5000,155.132,147.298,119.112,132.79,135.439,135.273,134.597,132.662,131.74,130.591,130.59
444.0000,151.162,143.753,116.298,129.621,132.127,131.879,131.378,129.538,128.424,127.629,127.469
444.5000,147.441,140.446,113.583,126.598,128.823,128.661,128.078,126.588,125.356,124.698,124.391
445.0000,143.807,137.008,110.696,123.455,125.63,125.626,124.782,123.405,122.263,121.738,121.373
445.5000,140.596,134.094,108.544,120.86,123.083,123.208,122.188,120.91,119.78,119.179,118.906
446.0000,137.233,131.085,106.287,118.082,120.134,120.58,119.503,118.186,117.028,116.547,116.22
446.5000,133.714,127.564,103.636,115.195,117.028,117.484,116.458,115.174,114.303,113.706,113.274
447.0000,130.934,124.868,101.655,112.824,114.447,115.191,113.936,112.764,111.961,111.534,110.914
447.5000,127.982,121.99,99.4598,110.174,111.688,112.744,111.342,110.305,109.358,109.051,108.368
448.0000,124.859,118.855,96.9078,107.6,108.549,109.983,108.616,107.428,106.734,106.222,105.567
448.5000,122.189,116.192,94.9867,105.416,106.332,107.804,106.498,105.342,104.439,103.887,103.366
449.0000,119.27,113.432,92.8472,103.109,103.854,105.437,104.086,102.924,102.059,101.528,101.029
449.5000,116.234,110.541,90.4382,100.603,101.27,102.956,101.481,100.298,99.316,98.9811,98.6098
450.0000,113.895,108.279,88.6248,98.4878,99.1517,101.014,99.3205,98.2301,97.2914,96.9172,96.751
