XYDATA,TRP_lipid-000_12-15-25-1,TRP_lipid-004_12-15-25-1,TRP_lipid-008_12-15-25-1,TRP_lipid-012_12-15-25-1,TRP_lipid-016_12-15-25-1,TRP_lipid-020_12-15-25-1,TRP_lipid-024_12-15-25-1,TRP_lipid-028_12-15-25-1,TRP_lipid-032_12-15-25-1,TRP_lipid-036_12-15-25-1,TRP_lipid-040_12-15-25-1
300.0000,98.9878,102.654,105.073,107.232,113.622,119.83,125.448,130.261,135.233,140.754,147.233
300.5000,106.558,109.868,112.114,113.852,120.377,126.564,132.117,136.747,141.955,147.394,153.723
301.0000,115.076,117.973,120.107,121.625,127.885,134.456,139.863,144.289,149.5,154.332,161.1
301.5000,122.982,125.533,127.504,128.579,135.062,141.542,146.826,151.263,156.127,160.983,167.67
302.0000,134.11,136.487,138.18,138.731,145.332,151.925,157.06,161.387,166.093,170.919,177.78
302.5000,147.299,149.322,150.754,150.373,157.284,163.924,168.974,173.051,177.667,182.303,189.342
303.0000,160.271,161.377,162.781,161.632,168.82,175.413,180.414,184.389,188.627,192.964,200.301
303.5000,174.949,175.478,176.682,174.627,182.102,188.603,193.499,197.102,201.329,205.352,212.748
304.0000,188.887,189.07,189.714,187.125,194.846,201.289,206.009,209.462,213.309,217.393,224.694
304.5000,205.093,204.708,204.806,201.211,209.473,215.323,220.23,223.308,226.798,230.781,238.262
305.0000,223.709,222.868,222.078,217.644,225.977,231.589,236.382,239.238,242.317,246.406,253.767
305.5000,238.284,236.719,235.595,230.453,238.97,244.442,249.283,251.688,254.697,258.495,265.827
306.0000,258.803,256.343,254.434,248.133,256.821,262.44,266.545,269.143,272.094,275.28,282.763
306.5000,274.492,271.748,268.783,261.964,271.177,276.366,280.396,282.567,285.593,288.535,296.014
307.0000,296.401,293.119,288.918,281.039,290.598,295.604,299.295,301.06,304.326,307.236,314.078
307.5000,313.635,309.769,304.374,295.845,305.542,310.502,314.3,315.839,318.932,321.565,327.975
308.0000,337.614,332.556,326.004,316.39,326.892,331.613,334.843,336.058,338.815,341.375,347.601
308.5000,360.595,354.465,347.172,336.208,347.025,351.165,354.553,355.692,357.698,359.863,365.894
309.0000,382.251,375.037,366.935,354.653,365.709,369.588,372.542,373.838,375.38,377.239,383.12
309.5000,407.158,398.634,389.806,375.504,386.974,390.634,393.384,394.466,395.676,396.805,402.301
310.0000,430.484,420.749,410.926,394.942,406.509,409.849,412.627,413.226,414.405,415.117,420.092
310.5000,454.712,444.014,433.054,414.995,427.044,429.586,432.465,432.757,433.149,433.934,438.303
311.0000,482.2,470.136,457.937,438.13,450.427,452.264,454.954,454.954,454.473,455.132,458.843
311.5000,507.861,494.468,481.45,459.567,472.516,473.951,476.378,475.748,474.868,474.874,478.293
312.0000,537.314,522.014,507.506,483.72,497.216,498.199,500.324,499.276,498.144,497.043,500.402
312.5000,564.708,547.982,532.103,506.297,520.445,521.038,523.213,521.313,519.992,518.269,521.066
313.0000,595.684,576.999,559.821,532.144,546.479,546.896,548.851,546.2,544.265,541.024,544.286
313.5000,624.531,604.349,586.134,556.328,571.095,571.37,572.714,569.883,567.103,563.43,566.075
314.0000,657.072,635.036,615.142,583.598,598.841,598.76,599.687,596.368,592.955,588.677,591.191
314.5000,693.372,669.539,647.733,613.989,630.051,628.948,630.206,625.938,621.824,616.838,618.774
315.0000,721.289,695.555,672.631,636.955,653.319,651.632,653.066,648.385,643.738,637.973,640.031
315.5000,759.121,731.027,706.217,668.277,685.447,683.077,683.92,678.876,673.242,666.85,668.499
316.0000,787.445,758.368,732.209,692.472,709.405,706.937,707.721,702.306,695.625,689.248,690.173
316.5000,826.425,795.478,767.758,724.468,742.251,739.306,739.919,733.476,726.362,718.789,719.834
317.0000,862.926,829.334,799.956,754.445,773.017,770.279,769.865,762.771,754.984,747.348,747.588
317.5000,896.452,860.819,829.906,781.979,801.345,798.516,797.775,789.801,781.391,773.004,773.548
318.0000,931.307,893.289,860.358,809.994,830.132,826.936,825.335,817.22,808.111,799.65,799.284
318.5000,969.155,929.012,894.198,841.557,862.565,858.638,856.159,847.983,837.85,829.12,828.318
319.0000,1003.8,961.948,925.859,870.108,892.658,887.694,885.287,876.4,866.186,857.204,855.103
319.5000,1042.65,998.597,961.359,902.371,925.658,920.633,917.707,908.069,897.705,888.211,885.361
320.0000,1078.98,1032.73,993.453,932.496,956.247,950.582,948.227,937.423,926.734,916.935,913.401
320.5000,1118.63,1070.45,1029.02,965.692,990.606,984.352,980.819,970.331,959.034,948.387,944.177
321.0000,1162.33,1111.96,1068.02,1002.49,1028.56,1021.87,1017.73,1006.27,994.753,983.787,978.553
321.5000,1195.57,1143.35,1098.33,1029.8,1057.16,1050.06,1045.48,1033.87,1021.57,1010.72,1004.98
322.0000,1240.07,1185.43,1139.24,1068.19,1095.72,1087.66,1083.16,1070.98,1057.87,1046.69,1040.62
322.5000,1274.06,1217.62,1170.65,1096.42,1124.77,1116.91,1112.04,1099.64,1085.78,1073.32,1067.81
323.0000,1319.6,1261.42,1212.22,1134.31,1164.25,1156.32,1151.02,1138.01,1122.99,1110.59,1104.47
323.5000,1361.61,1301.36,1250.49,1169.55,1200.72,1192.47,1186.55,1173.02,1157.68,1145.25,1138.06
324.0000,1399.99,1337.69,1285.2,1202.29,1233.69,1225.51,1219.4,1204.89,1189.26,1177.15,1168.94
324.5000,1438.87,1374.73,1320.53,1235.18,1266.65,1258.66,1252.3,1237.62,1221.03,1208.46,1199.5
325.0000,1482.02,1415.28,1359.55,1272.04,1303.44,1294.74,1289.28,1273.3,1256.3,1243.02,1233.73
325.5000,1520.91,1452.93,1395.26,1305.45,1338.13,1328.47,1322.86,1306.73,1288.68,1274.63,1265.49
326.0000,1564.28,1493.86,1435.17,1341.89,1375.7,1365.39,1359.75,1343.11,1324.59,1309.6,1300.51
326.5000,1604.25,1531.27,1471.04,1375.13,1409.69,1399.55,1393.66,1375.69,1357.23,1342.12,1332.36
327.0000,1647.49,1571.74,1510.38,1411.33,1447.55,1437.14,1430.71,1411.72,1393.33,1377.05,1366.92
327.5000,1694.28,1616.93,1552.58,1450.92,1488.27,1477.94,1470.55,1451.32,1432.14,1416.12,1405.18
328.0000,1729.77,1650.64,1585.09,1480.67,1519.25,1508.95,1500.89,1480.94,1461.63,1445.05,1433.37
328.5000,1775.98,1694.97,1627.52,1519.99,1560.36,1549.7,1541.53,1520.67,1500.4,1483.75,1470.7
329.0000,1811.08,1727.45,1659.51,1549.37,1591.01,1580.06,1571.37,1550.05,1529.28,1511.66,1499.57
329.5000,1856.76,1771.88,1701.6,1588.67,1631.56,1620.12,1610.34,1589.54,1567.43,1550.19,1536.31
330.0000,1895.23,1808.47,1737.14,1620.94,1664.87,1653.37,1643.42,1621.41,1599.44,1581.96,1567.43
330.5000,1937.12,1848.51,1775.84,1656.86,1701.57,1689.89,1678.65,1656.69,1634.23,1616.82,1601.89
331.0000,1974.78,1884.85,1810.05,1688.67,1733.9,1722.89,1711.08,1688.9,1665.81,1648.91,1633.08
331.5000,2016.34,1924.98,1847.56,1723.68,1769.43,1758.37,1746.01,1723.66,1701.06,1682.89,1666.53
332.0000,2053.52,1959.91,1881.27,1755.03,1801.39,1790.2,1778.25,1755,1731.96,1713.22,1696.12
332.5000,2093.63,1998.82,1918.72,1789.26,1836.02,1825.32,1812.98,1788.73,1765.77,1746.45,1729.39
333.0000,2136.78,2040.52,1958.53,1826.27,1873.68,1863.65,1850,1825.48,1801.38,1782.29,1764.78
333.5000,2168.77,2071.12,1989.06,1853.57,1901.36,1891.31,1878.16,1851.94,1829.31,1809.07,1791.19
334.0000,2211.8,2111.72,2027.05,1889.53,1938.1,1927.73,1913.9,1887.74,1864.97,1843.59,1825.52
334.5000,2246.53,2144.86,2058.19,1919.07,1968.33,1958.06,1943.69,1917.04,1894.11,1872.68,1853.69
335.0000,2284.35,2181.5,2093.17,1951.6,2001.63,1990.31,1975.49,1948.55,1925.03,1903.24,1883.88
335.5000,2317.97,2213.56,2124.25,1980.21,2031,2018.77,2003.84,1976.78,1952.72,1930.92,1910.3
336.0000,2353.89,2248.2,2158,2011.45,2062.26,2050.07,2035.13,2007.77,1983.81,1960.76,1939.79
336.5000,2386.08,2278.84,2187.6,2038.48,2090.07,2077.62,2063.28,2035.07,2011.66,1987.48,1965.91
337.0000,2421.58,2312.03,2219.63,2068.86,2119.19,2107.87,2093.71,2064.57,2040.32,2016.26,1994.04
337.5000,2459.26,2347.64,2254.03,2099.57,2152.13,2139.42,2125.36,2096.43,2071.04,2046.41,2024.01
338.0000,2486.33,2373.32,2279.21,2122.04,2175.71,2162.63,2148.31,2120.51,2093.9,2068.99,2045.99
338.5000,2521.77,2407.67,2311.7,2151.58,2205.9,2192.89,2179.15,2150.46,2123.21,2098.55,2074.6
339.0000,2550.91,2436.04,2338.92,2175.68,2230.63,2217.15,2203.66,2175.17,2146.88,2122.35,2098.3
339.5000,2582.31,2465.89,2366.68,2202.69,2257.67,2243.64,2230.58,2201.62,2172.81,2147.72,2123.92
340.0000,2610.29,2492.74,2391.3,2225.24,2281.4,2267.75,2254.21,2223.9,2195.75,2170.58,2145.64
340.5000,2639.83,2520.93,2417.42,2250.05,2306.81,2292.72,2278.78,2248.06,2220.9,2195.28,2169
341.0000,2665.51,2545.42,2440.05,2272.17,2328.42,2314.7,2301.5,2269.81,2242.59,2216.23,2189.3
341.5000,2693.04,2572.26,2464.71,2295.04,2352.18,2337.96,2324.97,2293.04,2265.83,2238.85,2211.93
342.0000,2723.03,2600.06,2490.81,2319.18,2378.1,2362.97,2349.92,2317.43,2289.84,2261.43,2235.67
342.5000,2743.76,2619.66,2509.3,2336.55,2396.54,2380.79,2368.38,2335.14,2307.39,2278.82,2252.26
343.0000,2770.15,2645.87,2534.66,2357.81,2419.84,2404.41,2390.76,2357.81,2329.48,2301.22,2274.06
343.5000,2792.57,2665.96,2554.88,2375.52,2437.41,2423.09,2409.36,2376.08,2346.76,2319.01,2291.06
344.0000,2814.84,2687.49,2576.11,2394.66,2457.07,2443.04,2429.16,2395.15,2365.75,2337.73,2309.87
344.5000,2834.13,2707.28,2594.38,2411.39,2473.88,2459.56,2445.37,2412.41,2382.22,2353.93,2326.15
345.0000,2855.57,2728.14,2613.46,2429.2,2491.85,2477.09,2463.75,2430.61,2399.81,2371.48,2343.47
345.5000,2874.06,2745.67,2630.29,2444.22,2507.46,2492.11,2479.48,2445.78,2414.63,2385.46,2358.37
346.0000,2893.27,2764.62,2647.8,2459.58,2524.22,2508.28,2495.73,2461.84,2430.36,2400.39,2374.16
346.5000,2914.25,2784.22,2666.11,2476.94,2540.32,2525.33,2511.64,2478.29,2447.37,2416.32,2390.42
347.0000,2930.13,2799.4,2679.64,2490.15,2552.76,2538.46,2524.68,2491.18,2460.23,2429.04,2403.06
347.5000,2947.84,2815.36,2694.53,2503.65,2565.88,2552.4,2538.55,2505.1,2473.49,2442.13,2416.8
348.0000,2961.52,2828.8,2706.92,2515.71,2577.36,2564.07,2550.1,2516.84,2484.85,2453.42,2427.77
348.5000,2977.13,2842.5,2720.05,2527.39,2589.19,2575.78,2563.15,2528.93,2496.79,2464.52,2439.1
349.0000,2989.13,2853.62,2731.44,2537.62,2599.74,2585.53,2573.49,2539.31,2507.07,2474.43,2448.23
349.5000,3000.95,2864.82,2742.55,2548.24,2610.54,2595.94,2584.47,2550.79,2516.65,2484.96,2458.46
350.0000,3013.93,2877.07,2755.41,2558.78,2621.5,2606.5,2594.35,2560.62,2526.32,2495.63,2468.89
350.5000,3024.66,2885.52,2763.98,2566.87,2629.19,2614.56,2602.15,2569.5,2534.34,2502.88,2476.12
351.0000,3034.73,2895.35,2772.89,2574.43,2637.31,2623.09,2610.14,2578.14,2542.68,2510.74,2483.28
351.5000,3042.7,2903.53,2779.91,2580.46,2644.43,2629.72,2616.86,2585.52,2548.39,2516.84,2489.33
352.0000,3050.38,2911.15,2787.68,2587.01,2651.37,2636.53,2624.12,2592.71,2554.09,2523.71,2496.02
352.5000,3057.45,2917.94,2793.98,2592.25,2656.79,2641.95,2629.77,2598.35,2559.22,2529.13,2501.37
353.0000,3063.84,2923.68,2799.06,2596.75,2662.04,2647.53,2635.91,2604.35,2564.64,2534.44,2506.89
353.5000,3068.57,2928.55,2803.36,2600.67,2666.14,2652.39,2640.09,2608.52,2569.18,2537.96,2511.67
354.0000,3073.63,2932.89,2807.69,2604.71,2670.68,2656.87,2644.87,2612.49,2572.53,2541.41,2515.6
354.5000,3078.42,2936.63,2811.94,2608.52,2673.95,2660.27,2648.8,2616.81,2574.52,2543.77,2519.27
355.0000,3080.74,2939.61,2813.72,2610.23,2677.11,2662.52,2650.23,2619.09,2577.03,2546.26,2521.26
355.5000,3082.7,2941.8,2815.51,2612.66,2679.2,2665.2,2651.54,2620.6,2579.57,2548.14,2523.48
356.0000,3084.47,2942.74,2816.61,2613.88,2680.53,2666.57,2652.14,2621.1,2580.54,2548.57,2524.61
356.5000,3085.15,2943.14,2817.92,2614.92,2680.9,2667.46,2652.79,2622.35,2580.86,2548.19,2526.06
357.0000,3084.83,2942.55,2817.08,2615.08,2680.98,2667.54,2652.83,2622.26,2581.8,2547.6,2525.61
357.5000,3084.42,2942.41,2816.75,2614.61,2679.7,2667.45,2651.95,2621.79,2581.88,2547.03,2524.26
358.0000,3083.1,2940.45,2815.54,2612.93,2677.63,2666,2650.22,2620.79,2580.3,2545.49,2523.06
358.5000,3081.07,2938.08,2813.12,2610.81,2675.18,2664.55,2648.1,2618.93,2578.22,2542.99,2521.27
359.0000,3078.53,2934.95,2810.64,2608.83,2672.63,2661.86,2645.4,2616.72,2575.97,2540.56,2519.13
359.5000,3075.31,2931.26,2807.28,2605.69,2670.03,2658.61,2642.54,2613.4,2572.22,2537.29,2515.5
360.0000,3070.66,2928.42,2803.91,2602.12,2666.27,2655.09,2639.07,2610.56,2568.95,2534.71,2511.95
360.5000,3066.01,2923.52,2800.1,2597.87,2662.09,2651.44,2634.51,2605.9,2564.95,2530.93,2508.62
361.0000,3061.4,2918.33,2795.84,2593.78,2657.23,2647.6,2630.4,2601.32,2560.8,2526.31,2504.41
361.5000,3053.91,2911.9,2788.69,2586.83,2651.18,2641.69,2623.45,2594.32,2555.17,2520.99,2499.08
362.0000,3046.82,2905.11,2781.86,2580.39,2643.78,2634.44,2617.3,2589.26,2549.33,2514.78,2492.48
362.5000,3039.69,2897.69,2774.64,2573.91,2637.69,2628.19,2611.17,2583.5,2543.32,2508.6,2486.52
363.0000,3030.81,2889.72,2767.04,2566.15,2630.16,2621.11,2602.98,2575.71,2535.46,2501.16,2479.35
363.5000,3022.33,2881.67,2759.58,2558.98,2623.21,2613.93,2595.88,2568.83,2528.87,2494.62,2472.16
364.0000,3012.17,2871.36,2749.98,2551.14,2614.41,2605.25,2587.09,2560.95,2520.18,2486.26,2464.32
364.5000,3002.17,2861.73,2740.17,2542.15,2606.47,2596.45,2578.99,2552.8,2511.63,2477.77,2456.24
365.0000,2989.82,2849.78,2728.99,2531.21,2596.05,2585.78,2568.45,2541.9,2501.25,2467.7,2445.73
365.5000,2977.39,2838.59,2717.62,2520.25,2585.99,2574.96,2557.91,2531.38,2490.44,2457.27,2435.29
366.0000,2966.06,2827.78,2706.94,2510.36,2576.11,2564.43,2548.03,2521.87,2480.16,2447.85,2426.5
366.5000,2952.23,2815.47,2694.84,2498.54,2564.63,2552.44,2536.42,2510.37,2469.11,2436.59,2415.58
367.0000,2939.56,2803.68,2683.68,2488.03,2554.33,2541.21,2524.91,2499.19,2458.41,2426.12,2405.76
367.5000,2924.54,2788.53,2668.54,2474.18,2540.59,2527.97,2511.39,2485.12,2445.11,2412.37,2392.87
368.0000,2908.76,2773.42,2654.58,2460.81,2526.31,2514.47,2498.02,2472.03,2432.48,2399.17,2380.35
368.5000,2893.33,2759.03,2641.01,2448.32,2513.86,2501.28,2485.4,2458.56,2420.29,2387.13,2368.26
369.0000,2876.71,2742.27,2625.72,2434.7,2499.62,2486.62,2471.27,2443.51,2406.25,2373.34,2354.48
369.5000,2861.15,2726.78,2610.99,2421.8,2485.66,2473.21,2457.65,2429.96,2393.13,2360.6,2341.25
370.0000,2842.95,2709.34,2594.3,2405.97,2469.82,2457.85,2441.33,2414.35,2378.48,2345.44,2325.9
370.5000,2825.83,2692.12,2578.5,2391.58,2454.76,2443.1,2426.38,2400.15,2364.17,2330.9,2311.96
371.0000,2804.85,2671.94,2559.97,2373.07,2435.37,2424.41,2408.41,2381.4,2346.52,2313.86,2294.34
371.5000,2784.99,2653.14,2541.18,2356.87,2418.04,2407.15,2391.19,2364.48,2329.58,2297.96,2277.87
372.0000,2765.86,2636.16,2523.75,2341.35,2402.47,2390.66,2374.91,2348.53,2314.5,2282.79,2262.8
372.5000,2744.12,2615.84,2503.52,2322.58,2383.99,2372.76,2356.77,2329.93,2297.14,2266.82,2245.43
373.0000,2724.51,2597.62,2485.57,2306.2,2366.69,2355.47,2340.75,2313.62,2280.35,2250.46,2230.63
373.5000,2700.73,2574.89,2462.98,2285.63,2345.88,2334.22,2320.5,2293.61,2259.82,2230.29,2210.94
374.0000,2678.08,2553.66,2442.39,2266.45,2326.21,2314.28,2301.35,2274.24,2241.05,2212.31,2192.19
374.5000,2657.65,2534.18,2423,2249.01,2307.67,2295.96,2283.11,2256.51,2224.19,2195.42,2175.31
375.0000,2633.89,2512.14,2400.77,2228.99,2287.45,2275.6,2262.6,2236.24,2204.66,2176.36,2156.52
375.5000,2611.25,2491.38,2380.64,2209.66,2268.68,2256.85,2243.99,2217.69,2186.74,2158.56,2139.15
376.0000,2585.07,2466.34,2355.85,2187.59,2245.4,2233.19,2221.93,2195.71,2163.73,2136.13,2117.57
376.5000,2560.24,2441.95,2333.86,2166.31,2224.51,2211.3,2200.42,2174.7,2143.28,2116.51,2097.42
377.0000,2537.2,2420.35,2313.04,2146.82,2205.59,2192.48,2180.73,2155.11,2124.17,2097.64,2079.36
377.5000,2511.5,2395.74,2289.98,2125.67,2183,2170.38,2159.59,2133.43,2103.69,2076.21,2058.77
378.0000,2487.98,2373.12,2268.75,2105.84,2162.24,2149.51,2139.53,2113.72,2084.16,2056.32,2040.36
378.5000,2459.38,2345.15,2241.4,2082.11,2137.72,2124.37,2115.22,2090.16,2060.04,2032.07,2017.18
379.0000,2432.64,2320.5,2216.67,2060.2,2115,2101.56,2092.24,2067.82,2038.3,2009,1995.66
379.5000,2408.27,2297.61,2194.05,2040.69,2094.09,2080.33,2071.43,2047.51,2018.35,1988.4,1975.36
380.0000,2381.85,2272.2,2169.41,2017.78,2070.61,2057.46,2048.3,2023.93,1995.75,1966.75,1954.17
380.5000,2358.31,2248.82,2147.69,1996.87,2048.89,2037.06,2027.36,2002.62,1975.37,1946.66,1933.87
381.0000,2328.18,2220.27,2120.02,1971.87,2022.87,2011.37,2002.37,1977.62,1950.83,1922.5,1909.38
381.5000,2301,2193.19,2094.54,1948.45,1998.49,1987.23,1978.32,1953.91,1927.87,1899.98,1886.97
382.0000,2275.87,2169.04,2072.28,1927.66,1976.04,1965.46,1957.43,1932.11,1906.73,1879.92,1866.8
382.5000,2248.08,2142.55,2047.05,1905.09,1951.14,1941.57,1933.38,1908.98,1884.55,1857.04,1844.58
383.0000,2223.02,2118.25,2023.58,1883.61,1929.39,1919.67,1912.15,1887.67,1863.99,1836.28,1824.22
383.5000,2192.31,2089.22,1995.46,1858.52,1902.89,1894.68,1885.88,1861.68,1839.08,1811.54,1799.77
384.0000,2164.17,2061.81,1969.91,1835.28,1879.1,1870.9,1862.23,1837.4,1815.65,1788.93,1777.21
384.5000,2138.94,2037.2,1945.42,1814.04,1857.42,1849.7,1840.23,1816.01,1793.96,1768.24,1756.96
385.0000,2110.7,2010.18,1919.33,1790.01,1832.57,1825.5,1816.29,1791.93,1770.41,1745.47,1733.34
385.5000,2084.81,1985.93,1895.77,1767.99,1811.12,1803.25,1793.69,1770.17,1749.3,1724.72,1712.23
386.0000,2054.23,1958.02,1866.89,1741.57,1784.44,1776.27,1767.26,1745.01,1723.91,1700.13,1687.75
386.5000,2026.29,1931.47,1840.87,1717.54,1760.41,1752.28,1743.23,1720.91,1700.28,1677.66,1665.45
387.0000,2000.78,1907.46,1817.55,1695.2,1738.15,1730.16,1721.35,1699.27,1678.79,1656.97,1645.39
387.5000,1972.4,1880.93,1792.35,1671.34,1714.07,1706.1,1697.23,1675.72,1655.89,1633.56,1623.25
388.0000,1946.98,1856.6,1768.99,1650.15,1692.54,1684.39,1675.76,1653.93,1635.6,1612.87,1602.97
388.5000,1916.95,1828.14,1741.12,1624.65,1666.71,1658.65,1650.33,1628.8,1610.05,1588.3,1578.67
389.0000,1889.6,1801.25,1715.9,1601.21,1642.9,1634.05,1626.55,1605.89,1586.85,1565.64,1556.38
389.5000,1864.25,1776.34,1693.18,1579.58,1620.97,1611.97,1605.39,1584.51,1566.21,1545.01,1535.92
390.0000,1834.66,1747.6,1666.11,1554.06,1594.46,1587.01,1579.59,1559.69,1540.69,1519.7,1511.47
390.5000,1812.51,1726.38,1645.71,1535.02,1574.59,1567.75,1560.47,1540.91,1522.16,1501.34,1493.38
391.0000,1782.6,1697.75,1618.68,1510.11,1548.85,1542.08,1535.05,1515.4,1498.05,1476.83,1468.74
391.5000,1755.33,1672.23,1593.68,1486.75,1525.32,1519.16,1512.1,1492.57,1475.37,1454.85,1446.52
392.0000,1731.23,1648.86,1570.91,1466.22,1503.85,1498.53,1490.7,1471.78,1454.77,1434.66,1426.12
392.5000,1702.24,1620.02,1543.79,1440.36,1478.86,1473.47,1466.36,1446.85,1429.75,1410.82,1402.31
393.0000,1681.12,1599.41,1524.45,1421.89,1459.55,1454.06,1447.96,1428.62,1411.05,1392.92,1384.49
393.5000,1651.84,1571.33,1498.49,1397.41,1434.93,1428.7,1423.3,1404.17,1387.37,1369.09,1361.17
394.0000,1625.03,1546.53,1474.68,1375.01,1411.82,1406.4,1401.08,1381.87,1365.28,1348.22,1339.99
394.5000,1601.21,1524.06,1452.9,1354.95,1391.27,1385.89,1380.5,1361.39,1345.69,1328.82,1320.44
395.0000,1573.31,1497.17,1427.07,1330.65,1366.1,1361.02,1355.48,1338.29,1321.63,1305.95,1297.26
395.5000,1547.97,1472.55,1403.8,1308.99,1343.92,1338.64,1333.2,1316.99,1300.45,1284.79,1276.29
396.0000,1524.83,1450.83,1383.11,1288.89,1323.91,1319.39,1312.82,1297.89,1280.97,1267.08,1257.01
396.5000,1497.85,1424.29,1358.05,1265.27,1300.21,1295.02,1289.72,1275.01,1257.85,1245.67,1235.26
397.0000,1477.32,1404.52,1339.77,1247.41,1282.51,1277.38,1272.7,1257.84,1240.28,1229.6,1219.05
397.5000,1450.77,1377.94,1315.36,1224.46,1259.73,1254.52,1249.2,1234.77,1217.9,1207.84,1196.88
398.0000,1425.5,1354.39,1292.56,1204.27,1238.86,1233.1,1227.99,1214.2,1197.58,1188.13,1177.4
398.5000,1403.09,1333.74,1272.18,1185.53,1219.43,1213.82,1209.08,1195.62,1179.16,1169.91,1159.28
399.0000,1377.27,1309.1,1248.72,1163.28,1196.74,1191.43,1187.03,1172.68,1157.58,1148.49,1138.23
399.5000,1353.34,1286.58,1226.93,1143.16,1176.78,1171.12,1166.46,1153.08,1137.49,1129.07,1118.73
400.0000,1332.13,1266.21,1207.41,1124.62,1158.89,1152.78,1148.02,1135.2,1119.56,1111.48,1101.58
400.5000,1310.57,1245.72,1188.84,1107.01,1140.96,1134.46,1129.91,1117.28,1101.58,1094.06,1084.48
401.0000,1287.5,1223.84,1168.11,1086.65,1120.76,1113.34,1110.17,1097.71,1082.17,1075.52,1065.31
401.5000,1262.45,1200.07,1145.13,1066.21,1099.08,1092.26,1089.01,1077.26,1062.01,1054.54,1044.8
402.0000,1240.25,1179.03,1125.19,1046.58,1079.64,1072.8,1069.79,1058.09,1043.29,1035.73,1026.3
402.5000,1219.87,1160.21,1107.53,1029.4,1062.16,1055.38,1052.43,1040.6,1026.67,1018.57,1009.67
403.0000,1194.81,1137.28,1086.42,1009.99,1040.83,1034.38,1032.17,1019.92,1006.79,998.725,990.486
403.5000,1173.22,1116.52,1067.02,991.803,1022.41,1015.64,1013.98,1001.93,988.86,980.92,972.366
404.0000,1153.52,1098.11,1049.05,975.306,1005.49,998.844,997.686,985.665,972.577,964.993,956.414
404.5000,1134.49,1079.19,1031.34,959.594,988.684,982.21,981.061,969.56,957.099,948.964,940.876
405.0000,1113.52,1059.36,1012.2,942.045,970.757,964.165,963.247,951.499,940.263,931.721,923.659
405.5000,1090.78,1038.01,992.028,922.783,950.791,944.601,944.362,932.915,920.819,913.313,905.072
406.0000,1072.38,1020.55,975.37,906.862,935.2,928.618,928.366,917.554,905.244,898.038,890.045
406.5000,1052.02,1001.78,957.29,889.884,918.314,911.751,911.13,900.445,888.772,881.582,873.201
407.0000,1030.32,981.786,937.426,871.532,899.544,893.673,892.074,882.682,871.009,863.964,856.152
407.5000,1011.15,963.876,920.156,855.316,882.663,876.876,875.499,866.277,855.101,847.973,840.483
408.0000,993.521,947.669,904.361,840.238,867.579,861.228,860.742,851.607,840.419,833.48,825.984
408.5000,972.523,927.846,885.679,822.226,849.627,843.603,842.779,833.796,822.668,816.531,808.993
409.0000,957.616,913.354,872.161,809.831,836.565,830.417,829.539,820.712,809.81,803.928,796.297
409.5000,937.445,893.745,854.381,792.938,819.113,812.921,812.568,803.481,793.287,787.319,780.121
410.0000,921.083,878.147,839.52,779.307,804.79,798.708,798.529,789.414,779.863,773.776,767.152
410.5000,903.139,861.281,823.722,764.387,789.262,783.075,783.161,774.389,765.112,758.965,752.816
411.0000,884.359,842.908,806.427,748.724,773.008,767.212,766.429,758.385,749.191,743.292,736.882
411.5000,869.046,827.908,791.98,735.694,759.343,753.626,752.816,744.967,736.098,730.003,723.899
412.0000,851.993,812.075,776.831,720.97,744.173,739.102,737.911,730.54,722.3,715.9,710.119
412.5000,833.481,794.769,760.601,705.363,728.465,723.628,722.431,715.502,707.066,700.694,695.597
413.0000,816.664,779.114,745.646,691.834,713.993,710.191,708.18,701.378,693.495,686.89,682.074
413.5000,802.397,765.041,732.023,679.43,701.476,697.223,695.485,688.7,681.35,674.441,670.138
414.0000,785.099,748.565,716.479,665.002,686.041,682.195,680.419,673.857,666.827,660.524,655.631
414.5000,772.173,736.523,704.802,654.247,674.945,671.412,669.181,662.586,656.593,649.475,644.826
415.0000,755.177,720.606,689.724,640.346,660.073,656.95,654.982,648.723,642.433,635.473,631.199
415.5000,741.529,707.766,677.374,628.968,648.562,645.064,643.349,636.795,631.043,623.519,619.856
416.0000,726.705,693.689,663.775,616.687,636.032,632.386,630.627,623.897,618.601,611.499,607.862
416.5000,710.598,678.497,649.279,603.716,622.241,618.721,616.809,610.395,605.06,598.286,594.785
417.0000,697.838,666.361,637.353,592.722,611.036,607.33,605.584,599.723,594.069,587.229,583.959
417.5000,683.558,652.794,624.364,581.099,598.473,595.515,593.479,587.647,582.225,575.237,572.284
418.0000,668.182,638.639,610.605,568.114,585.012,582.603,580.36,574.862,569.856,562.846,559.854
418.5000,655.855,626.86,599.728,557.857,574.314,572.388,569.866,564.194,559.645,552.335,549.921
419.0000,642.518,614.247,587.825,546.351,562.572,560.627,558.524,552.709,548.201,541.449,538.969
419.5000,627.862,600.659,574.452,534.107,550.072,548.62,545.796,540.548,536.485,529.781,527.121
420.0000,615.385,587.729,562.391,523.483,538.302,537.031,535.015,530.246,525.877,519.215,516.482
420.5000,604.394,576.799,551.658,513.711,528.303,527.088,524.857,520.583,516.08,509.572,506.731
421.0000,590.852,563.766,539.02,501.73,516.662,515.518,513.545,509.244,504.163,498.277,496.063
421.5000,580.751,554.339,530.268,493.049,508.084,507.124,504.802,500.49,495.841,490.212,487.631
422.0000,568,541.983,518.572,481.884,496.841,495.88,493.648,489.483,484.696,479.056,476.701
422.5000,555.527,529.411,506.8,471.387,485.599,484.58,482.446,479.073,473.398,468.623,466.118
423.0000,545.946,520.763,497.866,463.491,477.317,476.632,473.853,470.902,465.561,460.988,458.493
423.5000,533.659,508.757,486.226,452.971,466.305,465.76,463.509,460.056,455.625,450.736,448.341
424.0000,523.891,499.087,477.038,444.5,457.125,456.802,454.619,451.626,446.957,442.212,440.327
424.5000,512.817,488.684,467.175,435.395,447.565,447.213,445.303,442.096,437.895,433.029,431.123
425.0000,501.07,477.389,456.428,425.86,437.772,437.101,434.803,432.145,428.083,423.418,421.49
425.5000,491.654,468.042,447.656,417.96,429.575,429.08,426.392,424.019,420.187,415.541,413.633
426.0000,481.934,458.205,438.146,409.37,420.574,420.056,417.525,415.359,411.259,406.877,405.26
426.5000,470.435,447.643,427.782,400.111,410.737,410.652,407.972,405.916,402.309,397.473,396.448
427.0000,461.183,439.063,419.772,392.312,403.096,402.843,400.267,398.425,394.735,390.057,389.137
427.5000,451.32,429.941,410.936,383.984,394.565,394.228,391.82,389.906,386.577,381.933,381.105
428.0000,440.51,419.758,400.882,375.029,385.387,385.684,382.589,380.82,377.929,373.252,372.119
428.5000,432.086,411.574,393.301,367.879,377.941,378.359,375.41,373.644,370.488,366.232,365.261
429.0000,422.825,402.817,384.827,359.629,370.076,370.493,367.763,366.094,362.663,358.476,357.667
429.5000,413.227,393.48,375.65,351.347,361.641,361.894,359.363,357.664,354.373,350.251,349.431
430.0000,405.379,386.176,368.267,344.732,354.844,354.962,352.555,350.377,347.623,343.503,343.019
430.5000,396.852,378.136,360.268,337.259,347.217,347.402,345.28,342.708,340.144,336.297,335.749
431.0000,387.549,369.281,351.714,329.371,338.831,339.722,337.362,334.993,331.961,328.395,328.051
431.5000,380.139,361.919,344.781,322.852,332.326,333.069,331.028,328.449,325.578,322.021,321.685
432.0000,372.045,354.007,337.217,315.931,325.115,325.776,324.049,321.602,318.473,315.394,315.031
432.5000,363.461,345.731,329.044,308.852,317.463,318.014,316.437,313.919,311.302,308.356,307.788
433.0000,356.18,338.916,322.496,302.541,311.168,312.053,310.27,308.081,305.421,302.757,301.792
433.5000,348.376,331.653,315.403,295.945,304.414,305.484,303.798,301.456,299.128,296.505,295.27
434.0000,340.108,323.665,307.914,288.963,297.176,298.484,296.486,294.553,292.292,289.403,288.459
434.5000,333.322,317.12,301.807,283.098,291.363,292.731,290.584,288.847,286.632,283.927,283.212
435.0000,326.091,310.35,295.08,276.876,284.915,286.136,284.372,282.719,280.605,278.286,277.32
435.5000,318.463,302.918,287.736,270.429,278.434,279.322,277.706,276.414,274.053,271.893,271.001
436.0000,312.297,296.871,281.707,265.02,272.94,273.993,272.171,271.03,268.775,266.702,265.627
436.5000,305.509,290.531,275.572,259.329,267.107,268.178,265.911,265.121,263.059,261.136,259.884
437.0000,298.159,283.427,269.35,253.105,260.712,261.672,259.787,258.988,256.957,255.282,254.04
437.5000,292.199,277.958,263.858,248.31,255.713,256.789,254.621,253.868,252.056,250.377,249.441
438.0000,285.675,271.82,257.808,242.761,250.206,251.336,249.337,248.537,246.609,245.374,244.291
438.5000,278.744,265.381,251.423,237.197,243.927,245.299,243.359,242.395,241.009,239.784,238.83
439.0000,273.204,260.208,246.257,232.557,239.244,240.221,238.653,237.641,236.144,234.95,234.301
439.5000,267.117,254.557,240.664,227.582,233.95,234.864,233.38,232.552,230.897,230.012,229.279
440.0000,260.506,248.715,234.947,222.143,228.478,229.551,227.927,226.927,225.573,224.621,224.029
440.5000,255.414,243.534,230.345,217.822,224.136,224.932,223.57,222.489,221.134,220.363,219.821
441.0000,249.66,238.147,225.392,213.13,219.284,219.926,218.662,217.668,216.343,215.612,215.195
441.5000,243.414,232.524,219.78,208.239,214.334,214.752,213.557,212.456,211.389,210.919,210.019
442.0000,238.534,227.809,215.438,203.891,209.952,210.397,209.349,208.577,207.24,206.902,206.069
442.5000,233.248,222.796,210.837,199.352,205.056,205.681,204.989,203.94,202.738,202.509,201.81
443.0000,227.666,217.672,205.662,194.597,199.972,200.849,200.07,199.025,197.976,197.683,197.36
443.5000,222.95,213.159,201.473,190.809,196.16,196.719,196.159,195.18,194.257,193.987,193.423
444.0000,217.679,208.219,196.928,186.422,191.827,192.15,191.494,190.757,189.826,189.686,189.1
444.5000,212.635,203.527,192.443,182.508,187.48,187.502,187.073,186.479,185.529,185.406,184.883
445.0000,207.505,198.685,187.89,178.266,182.99,183.194,182.868,182.429,181.012,181.215,180.719
445.5000,203.364,194.739,184.097,174.593,179.377,179.712,179.294,178.943,177.343,177.88,177.244
446.0000,198.787,190.513,179.861,170.668,175.482,175.788,175.311,174.981,173.749,174.135,173.573
446.5000,193.823,185.647,175.713,166.685,171.238,171.36,171.247,170.64,169.618,170.093,169.862
447.0000,189.835,181.783,172.08,163.392,167.824,167.956,167.756,167.341,166.24,166.964,166.703
447.5000,185.471,177.587,168.138,159.895,163.857,164.046,164.049,163.897,162.704,163.591,163.127
448.0000,180.949,173.059,164.229,155.948,160.078,159.934,160.13,160.132,159.185,159.746,159.498
448.5000,177.078,169.453,160.759,152.895,156.814,156.703,157.104,156.9,156.241,156.814,156.525
449.0000,172.746,165.565,157.166,149.626,153.358,153.309,153.73,153.552,152.995,153.468,153.521
449.5000,168.49,161.531,153.399,145.964,149.588,149.77,150.134,149.995,149.61,149.885,150.002
450.0000,165,158.334,150.168,142.781,146.717,146.96,147.314,147.165,146.575,146.77,147.156
