XYDATA,BFII_nolipid-no_12-11-25-1,BFII_nolipid-no_12-11-25-2,BFII_nolipid-no_12-11-25-3,BFII_nolipid-no_12-11-25-4,BFII_nolipid-no_12-11-25-5,BFII_nolipid-no_12-11-25-6,BFII_nolipid-no_12-11-25-7,BFII_nolipid-no_12-11-25-8,BFII_nolipid-no_12-11-25-9,BFII_nolipid-no_12-11-25-10,BFII_nolipid-no_12-11-25-11
300.0000,79.1701,78.3717,76.8082,76.4214,75.999,74.9019,73.7552,74.5651,73.9244,74.5259,73.4922
300.5000,85.4249,84.5723,82.6554,82.5401,81.7314,80.5432,79.7333,80.2953,79.8909,80.3559,79.2644
301.0000,92.4139,91.5518,89.6501,89.2982,88.2069,87.1173,86.2563,86.7547,86.3918,87.0083,85.852
301.5000,99.0546,97.9151,95.9459,95.8902,94.3916,93.1925,92.3168,92.9566,92.4488,93.2764,91.7654
302.0000,108.211,107.062,105.129,104.873,103.392,101.716,100.762,101.604,101.097,101.739,100.437
302.5000,118.627,117.798,115.723,115.265,113.564,111.637,110.751,111.548,111.13,111.773,110.288
303.0000,128.973,128.108,125.771,125.174,123.685,121.525,120.415,121.195,120.608,121.147,119.797
303.5000,140.873,139.941,137.561,136.537,134.898,132.533,131.329,132.332,131.466,132.205,130.564
304.0000,152.339,151.119,148.37,147.601,145.588,143.18,141.818,143.12,141.883,142.723,140.775
304.5000,165.36,164.255,160.809,159.924,157.985,155.257,153.841,155.232,153.81,154.621,152.499
305.0000,180.492,179.172,175.048,174.462,172.091,169.032,167.772,169.279,167.927,168.299,166.02
305.5000,192.222,190.537,186.496,185.442,183.123,179.839,178.528,180.14,178.545,178.91,176.701
306.0000,208.462,206.494,202.424,200.96,198.351,194.628,193.656,195.094,193.332,193.987,191.444
306.5000,221.052,219.101,214.663,213.195,210.397,206.426,205.408,206.802,204.836,205.498,203.21
307.0000,238.28,236.437,231.989,229.977,226.991,222.433,221.634,223.113,221.406,221.621,218.666
307.5000,252.061,250.002,245.308,242.908,240.105,235.182,234.096,235.827,233.906,234.18,231.024
308.0000,271.127,268.897,264.221,261.436,258.102,252.674,251.713,253.329,251.593,251.595,248.114
308.5000,289.691,286.978,282.383,279.051,275.384,269.59,268.416,270.052,268.641,268.39,264.47
309.0000,307.009,304.007,299.509,295.49,291.465,285.614,283.905,285.717,284.149,283.906,279.852
309.5000,326.305,323.488,318.662,314.497,310.074,303.821,302.024,303.819,302.188,301.708,297.732
310.0000,344.741,341.715,336.74,331.992,327.488,320.784,319.088,320.988,319.067,318.258,314.453
310.5000,364.107,361.041,355.473,350.539,345.547,338.41,336.809,338.752,336.966,335.703,331.777
311.0000,386.292,382.62,376.848,371.277,366.255,358.247,356.61,358.773,357.001,355.15,351.059
311.5000,406.969,402.989,396.788,390.776,385.73,376.87,375.805,377.522,375.799,373.733,369.793
312.0000,430.226,426.175,419.192,413.015,407.51,398.137,397.42,398.675,396.912,394.895,390.346
312.5000,451.917,447.893,440.307,433.878,428.004,417.878,417.591,418.638,416.733,414.523,409.992
313.0000,476.084,472.221,463.818,457.222,451.112,440.116,439.949,440.96,439.177,436.595,431.627
313.5000,499.253,494.802,486.213,479.234,472.546,461.354,460.9,461.925,460.225,457.355,452.121
314.0000,524.739,520.066,511.136,504.055,496.777,484.833,484.434,485.408,483.762,480.758,475.037
314.5000,553.054,548.688,539.21,531.283,523.438,511.435,511.054,511.746,510.435,506.853,500.719
315.0000,575.195,570.939,560.735,552.441,543.991,531.741,531.052,531.433,530.242,526.835,520.729
315.5000,605.405,599.984,589.736,580.894,571.707,559.18,558.56,558.632,557.729,553.568,547.349
316.0000,628.143,622.499,612.394,602.558,593.316,580.424,579.401,579.137,578.762,574.197,567.407
316.5000,658.875,652.894,642.819,632.393,622.43,608.328,607.571,607.979,607.164,601.968,595.085
317.0000,687.781,681.822,671.215,660.245,649.302,634.922,634.059,635.049,633.737,628.16,620.752
317.5000,714.017,708.401,697.271,685.87,673.905,659.045,658.664,659.64,657.969,652.173,644.132
318.0000,740.955,735.037,723.733,711.723,698.851,683.657,683.554,684.043,682.729,676.762,668.165
318.5000,770.731,765.085,753.407,740.367,726.922,710.686,711.074,711.103,709.936,703.931,695.138
319.0000,798.483,792.137,780.576,767.312,753.206,735.462,736.685,736.753,735.528,729.035,720.085
319.5000,829.538,823.107,810.867,796.76,782.12,763.914,765.208,765.237,763.685,757.195,747.853
320.0000,858.663,851.434,838.761,823.871,809.192,790.037,791.508,791.06,790.268,782.719,773.054
320.5000,890.999,882.951,869.705,854.359,838.872,818.993,820.119,819.813,819.611,810.999,801.54
321.0000,925.874,917.872,904.097,888.04,871.158,851.047,852.143,852.061,851.179,842.453,832.881
321.5000,952.735,944.205,929.784,914.047,896.416,874.972,876.501,876.45,875.766,866.717,857.191
322.0000,988.721,980.249,965.377,948.239,930.137,907.915,909.343,908.746,908.999,899.185,889.507
322.5000,1016.3,1006.9,991.955,974.502,955.301,932.719,934.793,933.596,933.475,924.273,914.428
323.0000,1053.02,1043.15,1028.23,1009.48,989.74,966.607,968.397,967.325,966.638,957.264,948.017
323.5000,1087.32,1077.26,1061.44,1042.54,1021.92,997.863,999.307,998.245,997.476,987.607,978.142
324.0000,1118.68,1108.73,1091.71,1072.78,1051.21,1026.49,1027.96,1026.46,1025.94,1015.36,1006.09
324.5000,1150.29,1139.88,1122.62,1102.89,1080.8,1055.46,1056.61,1055.3,1055.14,1044.2,1033.8
325.0000,1184.98,1174.52,1156.96,1136.5,1113.9,1087.88,1088.45,1087.26,1086.89,1075.59,1065.38
325.5000,1216.74,1206.19,1188.04,1166.62,1143.38,1116.63,1117.77,1115.64,1115.59,1104.44,1094.27
326.0000,1251.9,1240.41,1221.98,1200.01,1176.34,1148.65,1149.9,1147.62,1147.54,1136.21,1125.96
326.5000,1283.95,1272.15,1253.04,1230.54,1206.28,1177.44,1178.98,1176.35,1176.59,1164.83,1154.88
327.0000,1319.06,1307.22,1287.07,1264.21,1239.3,1209.21,1211.54,1208.78,1208.8,1196.93,1186.51
327.5000,1358.14,1345.7,1324.6,1300.91,1275.36,1244.3,1247.12,1244.46,1243.8,1232.06,1220.83
328.0000,1386.68,1374.1,1352.92,1328.91,1302.58,1270.54,1273.22,1270.8,1269.91,1258.3,1246.74
328.5000,1424.62,1411.73,1390.31,1365.09,1338.21,1305.72,1308.23,1305.87,1304.38,1293.15,1280.64
329.0000,1452.66,1439.71,1418.02,1392.54,1364.21,1331.85,1334.22,1331.96,1330.6,1319.4,1306.72
329.5000,1489.96,1477.06,1454.23,1429.2,1399.66,1367.41,1368.43,1366.92,1364.54,1354.2,1340.92
330.0000,1521.24,1507.87,1484.9,1457.77,1428.59,1395.68,1396.47,1395.64,1393.32,1382.56,1368.88
330.5000,1555.59,1541.56,1517.9,1490.32,1460.68,1427.33,1427.01,1427.25,1424.8,1413.51,1398.99
331.0000,1587.03,1571.95,1548.3,1518.47,1489.58,1455.41,1455.26,1455.56,1453.07,1442.23,1426.9
331.5000,1620.28,1605.4,1581.68,1550.53,1521.59,1485.97,1486.35,1486.08,1483.77,1472.77,1457.47
332.0000,1650.26,1635.6,1611.32,1578.84,1549.54,1513.12,1513.99,1513.84,1511.34,1500.26,1484.55
332.5000,1683.68,1667.94,1643.34,1610.23,1580.55,1542.61,1544.27,1543.4,1540.53,1529.42,1513.81
333.0000,1718.99,1702.27,1677.48,1643.98,1613.06,1574.58,1576.57,1576.02,1572.52,1561.62,1545.07
333.5000,1745.1,1728.76,1703.08,1669.01,1637.68,1598.44,1600.66,1600.5,1595.93,1585.21,1568.45
334.0000,1778.63,1763.24,1736.14,1701.39,1670.07,1628.8,1631.87,1631.99,1627.15,1615.29,1599.08
334.5000,1806.76,1791.3,1762.78,1728.24,1696.59,1654.64,1658.13,1657.29,1652.33,1640.49,1624.3
335.0000,1836.93,1821.62,1791.74,1757.53,1725.87,1681.95,1685.84,1684.36,1679.55,1667.37,1651.17
335.5000,1863.75,1848.47,1817.67,1782.98,1751.05,1706.69,1710.5,1708.21,1704.4,1691.75,1675.76
336.0000,1893.16,1878.02,1845.99,1810.7,1779.35,1733.72,1737.86,1735.01,1730.97,1717.75,1701.74
336.5000,1918.68,1903.39,1871.4,1836.16,1803.55,1757.91,1761.13,1759.39,1754.24,1741.23,1725.04
337.0000,1946.83,1931.06,1898.31,1863.2,1829.59,1784.01,1786.87,1785.16,1779.51,1766.25,1749.68
337.5000,1975.84,1960.44,1926.89,1891.32,1857.43,1810.9,1813.89,1811.68,1806.53,1793.1,1776.31
338.0000,1996.87,1982.13,1947.76,1912.49,1877.89,1831.32,1834,1832.11,1825.96,1813.03,1795.99
338.5000,2024.81,2010.33,1974.67,1939.3,1903.98,1856.28,1860.11,1858.38,1851.35,1839.59,1821.17
339.0000,2047.84,2032.75,1997.15,1960.96,1926.18,1877.17,1881.16,1879.39,1872.56,1860.45,1841.29
339.5000,2072.32,2057.61,2021.59,1984.17,1949.46,1900.55,1903.83,1901.89,1895.15,1882.33,1863.15
340.0000,2093.4,2078.95,2042.24,2004.62,1969.61,1919.88,1923.64,1921.62,1914.51,1901.95,1882.16
340.5000,2116.27,2102.14,2065,2026.86,1991.32,1940.78,1944.33,1943.07,1935.14,1922.7,1902.55
341.0000,2135.7,2122.12,2084.81,2045.82,2010.54,1958.61,1962.82,1961.09,1953.59,1940.97,1920.36
341.5000,2156.66,2143.5,2105.75,2065.5,2030.09,1978.65,1982.09,1981.19,1973.77,1960.97,1939.48
342.0000,2178.89,2165.96,2127.63,2087.15,2050.39,1999.04,2002.15,2002.3,1994.59,1982.1,1959.49
342.5000,2195.59,2182.24,2142.94,2103.14,2065,2013.55,2017.2,2017.55,2008.62,1996.51,1974.18
343.0000,2216.63,2202.93,2162.34,2122.48,2084.15,2031.53,2036.06,2036.58,2026.9,2015.07,1992.7
343.5000,2233.15,2219.34,2178.42,2138.66,2099.49,2046.88,2051.15,2051.99,2042.34,2029.83,2007.19
344.0000,2250.14,2237.4,2195.66,2155.47,2115.76,2062.89,2067.15,2068.39,2058.59,2045.91,2022.55
344.5000,2264.65,2252.99,2210.49,2169.51,2129.74,2077.23,2080.82,2083.4,2071.94,2059.61,2035.91
345.0000,2279.87,2268.42,2225.53,2184.67,2144.25,2092.23,2095.72,2098.02,2086.5,2073.96,2050.47
345.5000,2293.23,2281.54,2238.28,2197.27,2157.38,2104.64,2108.32,2110.03,2099.21,2085.73,2062.56
346.0000,2308.01,2296,2251.82,2210.16,2170.99,2117.33,2121.83,2122.94,2112.45,2098.62,2075.12
346.5000,2323.18,2310.75,2265.21,2224.73,2185.26,2130.18,2135.12,2135.88,2125.76,2111.87,2088.56
347.0000,2334.85,2322.44,2276.31,2235.76,2196.83,2140.19,2145.93,2145.97,2136.77,2121.16,2098.96
347.5000,2346.51,2334.25,2287.83,2246.89,2207.7,2150.18,2156.93,2156.78,2148.19,2132.11,2108.96
348.0000,2356.26,2344.37,2297.43,2257.63,2217.2,2159.44,2166.36,2165.55,2157,2141.01,2117.86
348.5000,2366.21,2354.77,2307.25,2267.74,2226.61,2168.44,2176.56,2175.1,2166.13,2150.22,2127.42
349.0000,2374.94,2363.2,2315.29,2277.5,2234.4,2176.06,2184.26,2182.88,2174.14,2157.64,2134.93
349.5000,2383.69,2372.15,2323.26,2286.28,2242.06,2183.65,2191.79,2191.15,2181.78,2165.43,2142.58
350.0000,2392.44,2380.49,2331.09,2295.26,2250.65,2192.31,2199.15,2198.34,2189.11,2173.1,2150.42
350.5000,2398.17,2386.73,2337.26,2301.01,2256.63,2198.35,2204.89,2204.82,2195.29,2178.99,2156.27
351.0000,2404.49,2393.5,2343.31,2306.76,2262.73,2204.11,2210.52,2210.95,2201.36,2183.87,2161.35
351.5000,2409.2,2398.17,2347.45,2312.01,2267.24,2208.96,2215.21,2215.01,2205.57,2188.66,2165.33
352.0000,2414.38,2403.68,2352.26,2317.36,2271.4,2212.92,2219.87,2219.4,2209.75,2193.39,2169.85
352.5000,2417.78,2407.12,2356.36,2320.79,2275,2216.26,2222.6,2222.31,2213.42,2197.05,2172.88
353.0000,2421.25,2409.99,2360.01,2323.56,2277.51,2220.04,2225.93,2225.62,2216.84,2200.89,2176.03
353.5000,2423.78,2411.61,2362.38,2325.9,2279.65,2222.04,2228.55,2228.62,2219.25,2203.16,2178.49
354.0000,2425.9,2413.15,2364.24,2327.81,2281.29,2223.39,2230.18,2230.38,2221.93,2205.42,2180.57
354.5000,2427.52,2414.43,2365.5,2328.8,2282.54,2224.9,2230.86,2231.89,2223.76,2207.01,2182.04
355.0000,2427.72,2415.22,2366.42,2329.42,2282.99,2225.71,2230.98,2232.67,2224.2,2207.77,2182.87
355.5000,2428.15,2415.41,2366.7,2329.34,2283.24,2225.98,2230.65,2233.13,2224.49,2207.41,2182.74
356.0000,2427.58,2414.52,2366.67,2328.45,2282.45,2225.22,2230.1,2232.74,2224.11,2206.65,2182.34
356.5000,2426.66,2413.38,2365.92,2326.94,2282.04,2224.43,2229.59,2231.64,2223.4,2205.46,2181.63
357.0000,2424.61,2411.26,2363.63,2325.12,2279.92,2222.31,2227.52,2229.7,2221.48,2204.24,2180.3
357.5000,2422.37,2408.39,2361.22,2322.88,2277.84,2220.28,2225.71,2227.74,2219.79,2202.95,2178.26
358.0000,2419.29,2405.65,2358.57,2319.63,2275.52,2217.83,2222.71,2224.74,2216.62,2199.68,2175.64
358.5000,2415.45,2402.03,2354.64,2315.6,2272.37,2214.38,2219.74,2221.35,2213.88,2196.13,2172.29
359.0000,2412.34,2398.28,2350.93,2312.85,2268.6,2211.29,2216,2218.26,2210.28,2192.81,2168.69
359.5000,2407.68,2393.08,2345.5,2308.71,2264.73,2206.29,2212.45,2213.57,2205.48,2188.05,2164.71
360.0000,2402.48,2387.43,2341.01,2303.99,2261.16,2201.87,2208.44,2208.81,2201.2,2183.33,2160.08
360.5000,2395.82,2381.31,2335.3,2297.59,2255.76,2196.49,2203.43,2202.91,2196.26,2178.32,2154.88
361.0000,2390.02,2375.07,2330.45,2292.29,2249.56,2191.3,2198.69,2197.18,2191.51,2172.98,2149.33
361.5000,2381.98,2367.04,2322.31,2285.1,2242.79,2184.08,2191.29,2189.79,2184.38,2165.93,2142.71
362.0000,2374.68,2358.96,2314.75,2277.72,2235.46,2176.69,2184.19,2182.48,2177.24,2158.33,2135.76
362.5000,2368.07,2351.17,2307.16,2271.18,2228.6,2169.46,2177.96,2175.14,2170.96,2151.46,2129.43
363.0000,2359.59,2342.63,2298.96,2262.74,2220.74,2161.18,2169.38,2167.61,2163.25,2143.16,2121.3
363.5000,2351.55,2334.52,2291.16,2254.6,2212.69,2153.59,2161.83,2159.75,2155.68,2136.25,2113.89
364.0000,2341.43,2324.23,2281.93,2245.5,2202.58,2145.16,2152.82,2151.17,2146.96,2127.23,2104.92
364.5000,2332.07,2314.86,2273.81,2236.16,2193.28,2136.48,2144.53,2142.98,2137.95,2118.62,2096.47
365.0000,2320.14,2302.95,2262.01,2224.46,2181.64,2125.48,2133.55,2132.47,2126.38,2108.77,2085.33
365.5000,2308.6,2291.7,2251.51,2213.23,2171.09,2115.15,2122.77,2121.17,2116.2,2097.4,2075.66
366.0000,2297.7,2281.13,2240.75,2202.64,2160.84,2105.53,2113.03,2111.21,2107.16,2087.46,2066.14
366.5000,2285.19,2268.69,2229.04,2190.05,2149.17,2094.45,2100.89,2099.27,2096.24,2076.01,2055.21
367.0000,2272.87,2257.22,2217.37,2178.82,2138.48,2083.95,2090.42,2088.25,2085.63,2064.96,2044.64
367.5000,2258.15,2241.77,2202.88,2164.41,2124.42,2070.88,2077.05,2075.19,2072.26,2051.91,2031.39
368.0000,2244.2,2228.44,2189.18,2151,2111.36,2057.7,2064.52,2062.44,2060.07,2039.45,2018.07
368.5000,2231.37,2215.74,2175.81,2138.87,2099.31,2045.79,2052.34,2050.09,2048.16,2027.68,2006.24
369.0000,2215.87,2200.29,2161.32,2124.47,2085.02,2031.8,2039.07,2035.72,2034.46,2014.45,1993.23
369.5000,2202.17,2186.64,2148.22,2111.16,2071.79,2019,2025.86,2022.76,2021.97,2001.63,1981.62
370.0000,2186.18,2170.19,2132.57,2096.25,2056.92,2005.46,2011.12,2008.01,2007.59,1987.83,1967.42
370.5000,2171.56,2155.8,2117.84,2082.04,2042.6,1992.22,1997.61,1994.9,1993.85,1974.94,1954.29
371.0000,2153.56,2138.31,2099.76,2065.39,2025.46,1975.47,1980.87,1977.56,1977.83,1958.63,1938.18
371.5000,2136.47,2121.81,2083.42,2048.38,2009.66,1959.62,1964.37,1961.52,1962.08,1943.24,1922.11
372.0000,2120.6,2106.56,2067.7,2033.24,1994.34,1945.48,1949.62,1947.28,1947.25,1928.2,1907.63
372.5000,2102.8,2088.53,2049.65,2015.58,1977.61,1928.68,1934.18,1929.83,1930.15,1911.77,1891.26
373.0000,2086.09,2071.9,2033.41,1999.04,1961.69,1912.6,1919.88,1914.36,1914.7,1896.36,1876.63
373.5000,2066.07,2052.15,2014.11,1979.33,1942.17,1894.07,1900.12,1895.38,1896.26,1878.14,1858.05
374.0000,2046.47,2032.91,1995.04,1960.85,1924.08,1876.09,1882.2,1877.37,1878.54,1860.91,1840.88
374.5000,2028.8,2015.35,1977.91,1943.42,1907.2,1860.2,1866.09,1860.99,1862.94,1844.75,1824.77
375.0000,2009.37,1996.1,1958.09,1924.3,1888.81,1841.24,1847.95,1842.66,1844.78,1826.49,1807.21
375.5000,1990.94,1978.07,1940.6,1906.66,1870.88,1824.22,1830.81,1825.57,1827.84,1809.58,1790.78
376.0000,1969.13,1955.36,1918.22,1886.18,1849.34,1804.38,1810.72,1804.94,1807.51,1789.22,1770.85
376.5000,1948.15,1934.68,1898.1,1866.15,1829.98,1785.6,1791.52,1785.59,1788.92,1770.61,1752.21
377.0000,1928.88,1915.84,1880.08,1847.86,1812.38,1768.28,1774.36,1767.77,1771.84,1753.45,1734.69
377.5000,1908.35,1895.39,1859.73,1827.81,1792.23,1748.39,1754.41,1748.05,1752.58,1734.31,1715.47
378.0000,1889.34,1876.68,1840.87,1808.79,1773.93,1731.02,1736.81,1730.33,1734.82,1716.86,1698
378.5000,1865.72,1853.58,1818.12,1786.42,1752.34,1709.21,1714.48,1708.79,1713.29,1695.44,1677.34
379.0000,1844.11,1831.75,1796.44,1765.37,1732.23,1689.22,1694.1,1688.7,1693.4,1675.72,1658.48
379.5000,1824.71,1811.53,1777.43,1746.43,1713.6,1670.96,1676.29,1670.69,1674.71,1658,1640.06
380.0000,1802.56,1790.09,1756.14,1725.41,1693.61,1651.17,1655.89,1650.23,1654.44,1638.49,1620.27
380.5000,1782.29,1770.33,1736.3,1705.68,1675.08,1632.62,1637.28,1631.39,1635.88,1620.85,1601.61
381.0000,1757.75,1746.08,1712.68,1682.11,1652.37,1611.03,1614.94,1608.95,1613.33,1599.29,1580.33
381.5000,1735.76,1723.89,1690.24,1660.95,1631.6,1589.69,1593.94,1589.07,1592.81,1579.04,1560.38
382.0000,1715.14,1703.46,1669.67,1641.56,1613.31,1571.04,1574.86,1570.24,1574.04,1560.62,1542.26
382.5000,1692.29,1681.66,1647.9,1620.13,1592.39,1551.66,1554.52,1549.74,1553.86,1539.94,1521.95
383.0000,1672.19,1661.41,1628.01,1600.76,1573.29,1533.34,1536.21,1531.11,1535.34,1520.79,1502.85
383.5000,1647.18,1636.48,1603.95,1577.61,1550.35,1510.58,1513.51,1509.34,1512.07,1499.16,1480.67
384.0000,1624.8,1613.5,1582.6,1555.91,1529.3,1489.83,1493.02,1488.54,1490.61,1478.68,1460.58
384.5000,1603.84,1593.73,1562.9,1536.24,1509.81,1471.01,1474.41,1469.65,1471.07,1460.28,1442.33
385.0000,1581.33,1571.75,1541.08,1514.17,1488.42,1450.43,1453.56,1449.22,1450.18,1439.69,1422.54
385.5000,1561.26,1551.23,1521.24,1494.89,1469.24,1431.19,1434.74,1429.97,1431.17,1421.05,1404.25
386.0000,1537.03,1526.81,1497.3,1471.26,1446.46,1409.01,1411.77,1407.42,1408.68,1398.09,1382.65
386.5000,1514.66,1505.03,1475.68,1449.37,1425.47,1388.35,1391,1386.83,1388.42,1377.95,1362.67
387.0000,1494.36,1484.95,1455.98,1430.08,1406.55,1370.04,1371.89,1368.37,1370.33,1359.69,1344.59
387.5000,1472.17,1462.63,1433.88,1407.92,1385.25,1349.15,1351.09,1348.74,1349.6,1339.3,1324.28
388.0000,1452.08,1442.39,1413.75,1387.96,1366.22,1329.77,1332.23,1329.99,1331.32,1320.78,1306.26
388.5000,1427.98,1418.26,1390.7,1364.33,1343.61,1307.11,1310.05,1307.55,1309.3,1298.57,1283.96
389.0000,1405.99,1396.26,1368.82,1343.29,1323.18,1286.71,1289.29,1287.9,1289.01,1278.27,1264.19
389.5000,1385.85,1376.59,1348.85,1324.44,1304.61,1268.88,1271.09,1269.55,1270.31,1259.99,1246.14
390.0000,1362.06,1353.05,1326.2,1301.83,1282.15,1246.73,1248.9,1247.82,1248.84,1238.62,1224.69
390.5000,1344.41,1335.46,1308.99,1285.03,1265.27,1230.54,1232.01,1231.43,1232.47,1221.9,1208.87
391.0000,1321.29,1312.49,1285.88,1262.79,1243.28,1209.48,1210.69,1210.58,1210.83,1200.82,1187.96
391.5000,1299.76,1291.16,1264.8,1242.7,1223.28,1189.95,1191.5,1190.42,1191.29,1181.1,1168.41
392.0000,1280.97,1272.36,1245.94,1224.16,1204.61,1172.33,1173.54,1172.97,1173.07,1163.46,1151.16
392.5000,1257.82,1249.66,1223.55,1202.64,1182.94,1151.66,1152.28,1151.59,1151.67,1142.94,1130.27
393.0000,1240.71,1231.87,1206.76,1186.66,1167.23,1135.85,1136.54,1136.08,1135.95,1127.44,1114.84
393.5000,1218.35,1209.5,1184.65,1164.94,1145.79,1115.08,1115.63,1116.17,1114.99,1107.13,1094.58
394.0000,1198.19,1189.61,1164.73,1145.23,1125.95,1096.07,1096.32,1097.47,1096.16,1088.44,1075.6
394.5000,1179.89,1171.54,1146.46,1127.4,1108.01,1078.98,1078.85,1081.05,1078.95,1071.58,1058.95
395.0000,1157.84,1149.76,1124.86,1105.9,1086.84,1058.99,1059.06,1061.33,1058.74,1052.12,1039.54
395.5000,1137.62,1129.82,1105.44,1086.57,1068.38,1040.92,1040.84,1043.13,1040.44,1034.25,1022.06
396.0000,1119.9,1111.96,1087.6,1069.02,1051.31,1024.8,1024.02,1027.4,1023.76,1017.94,1006.01
396.5000,1098.27,1091.55,1066.62,1048.7,1031.21,1005.58,1004.59,1008.15,1004.03,998.915,985.827
397.0000,1082.69,1076.42,1051.3,1033.63,1016.48,991.515,989.927,994.314,989.364,984.247,971.678
397.5000,1061.94,1055.86,1030.37,1013.55,996.057,972.063,970.61,974.799,970.474,965.135,953.215
398.0000,1043.13,1036.96,1012.01,995.395,977.901,954.87,953.216,957.781,953.401,947.835,936.409
398.5000,1026.41,1019.89,995.551,979.064,961.584,939.206,937.528,942.244,938.154,932.258,921.374
399.0000,1005.38,1000.43,976.16,960.392,942.51,920.523,918.696,923.28,919.315,913.62,903.35
399.5000,987.111,982.49,958.43,942.731,924.957,903.597,901.992,906.043,902.661,897.13,886.877
400.0000,970.811,966.258,942.732,926.993,908.862,888.114,886.963,890.864,887.708,882.227,871.627
400.5000,954.331,949.631,927.073,911.393,893.597,872.746,871.441,876.163,872.639,867.963,856.97
401.0000,936.651,932.292,909.59,894.451,877.14,856.394,855.046,859.996,856.345,851.982,841.579
401.5000,917.938,913.699,890.823,876.57,859.082,838.944,837.423,842.305,838.909,834.809,824.255
402.0000,901.395,896.163,874.242,860.075,842.938,822.874,821.79,826.39,823.383,819.563,808.394
402.5000,886.117,880.545,859.055,845.398,828.473,808.828,807.714,812.485,809.255,805.582,794.383
403.0000,867.655,862.459,841.209,827.834,811.096,792.335,791.424,795.842,792.853,788.865,778.427
403.5000,850.828,846.102,825.322,812.085,795.234,777.197,776.511,780.879,777.274,774.252,763.164
404.0000,835.939,831.35,811.05,798.07,781.377,763.492,763.248,767.176,763.545,760.696,749.911
404.5000,821.337,816.504,797.138,784.112,767.542,750.131,749.739,753.991,750.247,747.704,736.56
405.0000,805.593,800.532,781.72,768.804,752.996,735.75,735.427,739.318,735.955,733.542,722.145
405.5000,788.835,783.828,765.583,752.931,737.234,720.295,720.141,723.995,720.068,718.465,707.08
406.0000,774.948,769.861,752.124,739.44,723.938,707.868,707.392,711.298,707.104,705.605,695.027
406.5000,759.61,755.038,737.313,725.199,709.58,694.412,693.886,697.507,693.169,691.379,681.467
407.0000,743.302,738.722,721.988,709.406,693.945,679.088,679.092,682.473,678.273,676.968,666.639
407.5000,728.901,724.077,707.862,695.323,680.408,665.372,666.095,669.069,665.022,663.952,653.932
408.0000,715.882,711.099,695.2,682.909,668.29,653.314,654.351,656.985,653.371,652.38,641.972
408.5000,699.89,695.325,679.783,667.941,654.276,639.138,640.354,642.798,639.252,638.591,627.603
409.0000,688.25,683.773,668.484,656.8,643.508,628.772,629.539,632.05,628.688,628.286,617.525
409.5000,673.17,668.518,653.754,642.622,629.582,615.521,615.806,618.558,615.509,614.708,604.013
410.0000,660.53,655.881,641.868,631.107,617.99,604.131,604.482,607.062,604.368,603.813,593.036
410.5000,647.222,642.976,628.733,618.489,605.351,591.653,592.513,594.928,591.933,591.632,581.331
411.0000,632.727,629.096,614.782,604.775,592.136,578.74,579.466,581.627,579.134,577.912,568.618
411.5000,620.426,617.114,603.328,593.396,581.685,568.161,568.981,570.855,568.301,567.37,558.419
412.0000,607.355,604.021,590.779,581.574,570.015,556.844,557.714,558.968,556.758,555.961,547
412.5000,593.517,590.407,577.432,568.786,557.45,544.233,544.557,546.431,544.639,543.506,534.949
413.0000,581.268,577.951,565.827,557.211,546.068,532.854,533.47,534.949,533.535,531.825,524.143
413.5000,570.167,567.369,555.286,547.328,535.892,522.249,523.775,524.741,523.671,521.7,514.232
414.0000,557.291,554.164,542.93,535.09,523.631,510.57,512.206,512.686,512.114,510.084,503.209
414.5000,547.609,544.648,533.796,525.92,514.82,501.711,503.825,503.608,503.718,501.834,494.681
415.0000,535.132,531.877,522.158,514.056,503.157,490.674,492.646,491.71,492.505,490.589,483.591
415.5000,524.971,521.844,512.037,504.438,493.884,481.02,483.72,482.316,483.091,481.409,474.408
416.0000,513.801,510.976,500.991,493.898,483.602,471.257,473.731,472.36,473.442,471.601,464.53
416.5000,502.065,498.962,489.475,482.72,472.597,460.514,462.925,461.503,462.578,460.894,453.73
417.0000,492.288,489.51,480.019,473.343,463.511,451.623,453.938,452.82,453.709,451.995,445.276
417.5000,481.798,479.275,469.523,463.475,454.03,442.084,444.571,443.212,444.123,442.519,436.16
418.0000,470.824,468.549,458.808,452.74,443.798,432.011,434.552,433.141,434.21,432.174,426.675
418.5000,461.952,459.383,450.164,443.796,435.178,424.085,426.334,424.545,426.085,424.021,418.472
419.0000,451.903,449.442,440.645,434.362,425.797,415.362,417.46,415.727,417.13,415.068,409.968
419.5000,441.25,439.136,430.201,424.354,415.893,405.77,407.751,405.931,407.675,405.311,400.525
420.0000,431.738,429.491,421.126,415.438,407.017,397.115,399.032,397.273,398.95,396.461,392.109
420.5000,423.279,420.923,413.005,407.102,398.734,389.247,390.899,389.489,391.351,388.794,384.379
421.0000,413.601,411.026,403.173,397.796,389.513,380.424,382.011,380.323,382.445,380.078,375.492
421.5000,406.55,403.681,395.961,390.416,382.716,373.816,375.227,373.764,375.735,373.354,369.051
422.0000,396.986,394.551,386.373,380.69,373.855,364.783,366.814,364.964,366.692,364.572,360.658
422.5000,387.544,385.192,377.355,372.041,364.839,355.81,358.112,356.404,358.051,356.068,352.165
423.0000,380.552,378.522,370.459,365.366,358.443,349.71,351.83,350.096,351.728,349.809,345.872
423.5000,371.169,369.562,361.682,356.762,349.876,341.536,343.674,342.079,343.637,341.603,337.624
424.0000,363.759,362.089,354.783,349.685,342.93,334.847,336.795,335.43,336.82,334.949,330.928
424.5000,356.109,354.327,347.028,342.266,335.615,327.462,329.495,328.245,329.564,327.604,324.135
425.0000,347.557,345.741,338.436,334.279,327.709,320.047,321.513,320.512,321.775,319.691,316.538
425.5000,340.726,338.843,331.55,327.421,321.223,313.617,314.921,313.903,315.41,313.255,310.363
426.0000,333.26,331.252,324.223,320.303,314.07,306.788,308.1,306.891,308.411,306.531,303.663
426.5000,325.446,323.444,316.45,312.716,306.556,299.404,300.982,299.618,301.279,299.339,296.387
427.0000,319.11,317.057,310.351,306.535,300.463,293.377,295.143,293.663,295.279,293.372,290.561
427.5000,312.051,310.157,303.765,299.866,293.703,286.956,288.855,287.412,288.725,286.633,284.291
428.0000,304.568,302.687,296.32,292.597,286.878,280.047,281.691,280.187,282.289,279.709,277.194
428.5000,298.474,296.531,290.374,286.788,281.181,274.525,276.125,274.643,276.677,274.253,271.651
429.0000,292.016,289.927,284.075,280.42,274.985,268.435,269.98,268.447,270.637,268.251,265.561
429.5000,284.825,283.107,277.357,273.529,268.481,261.605,263.544,262.086,264.016,261.898,259.553
430.0000,279.115,277.364,271.865,268.013,262.976,256.309,258.526,256.878,258.84,256.761,254.326
430.5000,273.008,271.21,265.615,262.194,257.238,250.686,252.874,251.163,253.051,251.167,248.673
431.0000,266.47,264.287,259.132,255.568,251.092,244.82,246.542,244.971,246.674,245.093,242.78
431.5000,261.048,259.019,254.068,250.328,246.071,240.024,241.392,240.258,241.723,240.176,237.816
432.0000,255.271,253.084,248.467,244.708,240.599,234.835,235.831,234.944,236.144,234.861,232.635
432.5000,248.99,247.179,242.311,238.575,234.761,228.889,230.003,229.393,230.37,229.14,226.879
433.0000,243.881,242.072,237.493,233.622,229.885,224.528,225.381,224.805,225.723,224.352,222.123
433.5000,238.424,236.653,232.206,228.411,224.814,219.313,220.188,219.826,220.186,219.354,217.239
434.0000,232.586,230.947,226.699,222.883,219.461,214.05,214.965,214.3,214.998,213.93,212.022
434.5000,227.914,226.094,222.218,218.499,215.118,209.804,210.644,210.08,210.822,209.656,207.524
435.0000,222.662,220.694,217.123,213.547,210.149,205.179,205.818,205.377,206.1,205.006,202.838
435.5000,217.094,215.046,211.702,208.427,204.837,200.348,200.636,200.259,201.073,200.12,197.784
436.0000,212.533,210.484,207.351,204.203,200.837,196.008,196.5,196.106,196.864,196.121,193.725
436.5000,207.639,205.786,202.587,199.531,196.243,191.564,191.921,191.497,192.304,191.677,189.29
437.0000,202.486,200.624,197.805,194.772,191.56,187.018,187.269,186.937,187.434,187.085,184.797
437.5000,198.414,196.546,193.672,190.76,187.699,183.128,183.53,183.108,183.791,183.294,181.12
438.0000,194.012,192.377,189.126,186.702,183.525,179.195,179.621,179.042,179.81,179.365,177.048
438.5000,189.074,187.489,184.533,182.073,179.004,174.763,175.183,174.679,175.547,174.817,172.705
439.0000,184.956,183.675,180.866,178.43,175.378,171.272,171.54,171.174,172.007,171.312,169.061
439.5000,180.583,179.318,176.991,174.595,171.33,167.525,167.452,167.199,168.219,167.353,165.335
440.0000,176.16,175.043,172.601,170.058,167.1,163.418,163.247,163.009,164.049,163.144,161.477
440.5000,172.567,171.356,169.189,166.614,163.752,160.077,159.809,159.547,160.883,159.651,158.308
441.0000,168.713,167.498,165.286,162.739,160.074,156.374,156.035,155.789,157.214,155.969,154.868
441.5000,164.521,163.249,161.006,158.994,156.19,152.463,152.307,151.745,153.478,152.21,151.287
442.0000,160.888,159.94,157.805,155.634,152.995,149.344,149.258,148.722,150.372,148.994,148.125
442.5000,157.218,156.238,154.34,151.948,149.413,145.887,145.959,145.322,147.036,145.559,144.677
443.0000,153.31,152.391,150.673,148.381,145.718,142.572,142.36,141.972,143.297,141.904,141.132
443.5000,150.162,149.19,147.721,145.297,142.682,139.526,139.36,139.058,140.405,138.786,138.44
444.0000,146.73,145.589,144.148,141.642,139.194,135.992,135.908,135.896,137.021,135.266,135.13
444.5000,143.073,142.168,140.794,138.297,135.963,132.8,132.682,132.788,133.479,132.04,131.841
445.0000,139.36,138.683,137.278,134.734,132.717,129.67,129.359,129.479,130.25,128.777,128.644
445.5000,136.584,135.785,134.52,131.965,129.973,127.101,126.695,126.764,127.477,126.328,125.989
446.0000,133.441,132.726,131.401,129.054,126.904,124.132,123.793,123.937,124.56,123.604,122.942
446.5000,130.273,129.471,128.048,125.817,123.585,121.066,120.797,120.985,121.609,120.404,120.048
447.0000,127.529,126.677,125.369,123.311,120.914,118.629,118.369,118.367,119.218,117.869,117.545
447.5000,124.68,123.895,122.432,120.477,118.209,115.837,115.632,115.41,116.361,114.991,114.834
448.0000,121.425,120.76,119.374,117.397,115.022,113.001,112.785,112.572,113.664,112.177,111.89
448.5000,118.826,118.322,116.986,114.897,112.742,110.577,110.371,110.265,111.295,109.763,109.418
449.0000,115.959,115.433,114.159,112.497,110.019,108.049,108.022,107.659,108.674,107.299,106.888
449.5000,113.022,112.666,111.244,109.819,107.2,105.255,105.274,105.085,106,104.64,104.289
450.0000,110.563,110.448,108.961,107.604,104.998,103.18,103.05,103.026,103.704,102.486,102.31
