XYDATA,BFII_lipid-000_12-11-25-1,BFII_lipid-005_12-11-25-1,BFII_lipid-010_12-11-25-1,BFII_lipid-015_12-11-25-1,BFII_lipid-020_12-11-25-1,BFII_lipid-025_12-11-25-1,BFII_lipid-030_12-11-25-1,BFII_lipid-035_12-11-25-1,BFII_lipid-040_12-11-25-1,BFII_lipid-045_12-11-25-1,BFII_lipid-050_12-11-25-1
300.0000,74.5742,86.5277,98.3419,110.261,121.603,132.628,142.385,153.231,163.737,173.281,182.444
300.5000,80.1812,92.2645,104.561,116.897,128.683,139.799,149.862,160.761,171.816,181.542,190.727
301.0000,86.4745,98.9236,111.682,124.358,136.523,147.757,158.239,169.288,180.723,190.464,200.13
301.5000,92.4113,105.116,118.423,131.321,143.686,155.231,165.662,177.213,188.655,198.765,208.737
302.0000,101.039,114.122,128.215,141.514,154.419,166.29,177.094,189.475,201.125,211.675,221.986
302.5000,110.845,124.535,139.36,153.167,166.419,179,190.322,202.943,215.215,226.451,236.881
303.0000,120.17,134.636,149.959,164.374,178.251,191.188,202.958,215.907,228.791,240.333,251.391
303.5000,130.764,146.016,162.069,177.075,191.495,205.12,217.283,230.883,244.132,256.027,267.314
304.0000,141.033,156.872,173.541,189.28,204.103,218.308,230.866,245.015,258.613,270.959,282.697
304.5000,152.849,169.313,186.77,203.331,218.528,233.331,246.312,260.745,275.169,288.039,300.112
305.0000,166.37,183.808,202.378,219.16,235.553,250.313,263.794,278.841,293.702,307.171,319.683
305.5000,177.049,195.115,214.008,231.363,248.358,263.555,277.274,292.581,308.075,322.013,334.811
306.0000,191.973,211.069,230.658,248.219,265.715,282.225,296.02,311.629,327.977,342.335,355.824
306.5000,203.506,223.441,243.503,261.831,279.515,296.317,311.004,326.494,343.201,357.815,371.818
307.0000,219.378,240.384,261.112,280.023,298.691,316.042,331.249,347.097,364.074,379.251,393.445
307.5000,232.166,253.877,275.056,294.521,313.761,331.328,346.942,362.924,380.057,395.711,410.454
308.0000,249.417,272.408,294.315,314.33,334.348,351.954,368.172,384.951,402.406,418.531,433.253
308.5000,266.407,289.951,312.488,333.116,353.714,371.667,388.821,405.27,423.342,439.585,455.245
309.0000,282.248,306.333,329.737,350.442,371.586,389.672,407.529,424.1,442.633,458.961,474.81
309.5000,300.147,325.17,349.587,370.251,392.028,410.023,428.174,445.377,464.267,480.362,496.539
310.0000,317.263,342.832,368.119,388.84,410.974,428.966,447.256,464.939,484.035,500.351,516.432
310.5000,335.141,361.103,387.061,408.047,430.286,448.323,466.898,484.889,504.305,520.627,536.724
311.0000,355.494,381.845,408.212,429.595,452.457,470.282,489.112,507.446,526.922,543.428,559.185
311.5000,374.362,401.599,428.307,449.705,472.718,490.751,509.998,528.527,547.515,564.362,580.118
312.0000,395.831,423.593,451.101,472.622,495.752,513.722,533.484,552.326,570.606,587.521,603.971
312.5000,416.117,444.396,472.292,494.071,517.057,535.47,555.091,573.552,592.218,608.672,625.79
313.0000,438.385,467.85,496.432,518.365,540.956,559.48,579.122,597.879,616.101,632.515,649.584
313.5000,459.601,489.49,518.635,540.702,563.343,581.985,601.638,620.029,638.209,655.049,671.563
314.0000,483.518,513.594,543.455,565.565,588.759,606.957,627.158,644.34,662.663,679.617,696.053
314.5000,509.532,540.635,571.662,593.453,616.198,634.57,654.957,671.953,690.068,706.99,722.836
315.0000,530.289,561.424,592.837,614.91,637.582,655.622,675.854,692.62,710.526,727.438,743.525
315.5000,557.595,590.275,621.85,643.91,665.837,684.341,704.133,720.631,737.781,754.995,770.843
316.0000,578.624,612.289,643.77,665.649,687.608,706.12,725.873,741.544,758.676,776.083,791.514
316.5000,607.711,642.205,673.643,695.516,716.944,735.382,754.701,769.928,786.928,803.409,818.55
317.0000,635.265,669.746,701.071,723.185,743.991,762.213,781.299,796.362,812.964,828.966,843.477
317.5000,660.509,694.917,726.762,748.164,769.017,786.273,805.679,820.367,836.556,852.447,866.385
318.0000,686.298,720.448,752.487,773.652,794.301,811.252,830.43,844.448,860.857,876.093,889.764
318.5000,714.825,748.846,781.277,801.536,822.055,838.716,857.832,871.277,887.435,902.075,915.512
319.0000,741.215,775.434,807.839,828.022,847.639,864.402,883.113,896.335,911.257,925.952,938.327
319.5000,770.353,804.778,837.551,857.093,876.368,892.701,911.002,923.783,938.071,952.234,963.749
320.0000,797.239,831.584,864.655,883.686,902.483,918.121,936.938,948.408,962.951,976.495,987.351
320.5000,827.203,861.499,895.245,913.245,931.897,946.636,965.425,976.016,990.08,1002.79,1013.14
321.0000,860.663,894.821,928.787,945.972,963.694,978.591,996.047,1006.33,1019.76,1031.99,1041.13
321.5000,885.617,919.96,954.253,970.769,987.6,1002.09,1019.37,1029.03,1042.04,1053.85,1062.59
322.0000,919.84,954.492,988.883,1004.44,1020.15,1033.8,1050.79,1059.51,1072.04,1083.06,1090.99
322.5000,945.445,980.605,1014.25,1029.34,1045.69,1057.79,1073.86,1082.7,1094.92,1104.72,1112.34
323.0000,979.648,1015.29,1048.92,1063.32,1077.94,1089.56,1105.8,1113.9,1125.39,1133.9,1140.61
323.5000,1011.99,1047.15,1080.94,1094.48,1108.35,1119.9,1134.98,1142.12,1152.98,1160.59,1166.34
324.0000,1040.99,1075.91,1110.12,1123.29,1136.28,1147.2,1161.74,1168.1,1178.11,1185,1189.59
324.5000,1070.56,1105.69,1139.88,1151.58,1164.35,1174.11,1188.13,1193.96,1203.54,1209.23,1213.2
325.0000,1103.42,1138.31,1173.06,1183.59,1195.07,1203.62,1217.44,1222.45,1231.21,1236.01,1239.12
325.5000,1133.32,1168.02,1202.93,1212.08,1223.08,1230.75,1243.64,1248.14,1256.71,1260.2,1262.89
326.0000,1166.36,1200.66,1235.62,1243.27,1254.05,1260.6,1272.93,1276.05,1283.73,1286.19,1288.86
326.5000,1196.7,1230.65,1265.33,1272.38,1281.66,1287.15,1298.89,1301.64,1308.12,1309.92,1311.58
327.0000,1230,1263.29,1297.68,1304.41,1312.4,1316.76,1327.69,1329.12,1335.45,1335.95,1336.82
327.5000,1266.3,1299.46,1332.55,1339.81,1345.31,1349.45,1359.08,1359.18,1364.43,1363.81,1364.42
328.0000,1293.4,1326.49,1358.88,1365.91,1370.35,1373.04,1382.44,1381.89,1386.54,1384.91,1385.17
328.5000,1329.34,1361.6,1394.11,1400.07,1403.14,1405.08,1413.29,1411.96,1415.65,1412.02,1411.98
329.0000,1356.22,1388.51,1420.26,1425.51,1427.14,1429.05,1435.84,1434.26,1436.25,1432.15,1431.65
329.5000,1391.53,1423.81,1455.02,1459.07,1460.1,1460.5,1466.42,1462.76,1464.47,1458.9,1458.12
330.0000,1420.65,1452.95,1483.58,1486.8,1486.68,1485.9,1491.11,1486.23,1487.43,1481.02,1478.72
330.5000,1452.64,1484.87,1515.35,1517.26,1516.03,1513.72,1518.18,1512.63,1512.47,1505.67,1501.48
331.0000,1482.08,1513.02,1542.91,1544.91,1542.44,1539.48,1542.35,1535.9,1535.34,1527,1522
331.5000,1513.96,1544.31,1573.51,1574.67,1571.39,1566.75,1568.8,1561.07,1559.34,1550.07,1543.92
332.0000,1541.89,1572.38,1601.55,1601.06,1597.04,1591.28,1592.39,1583.8,1581.63,1570.84,1563.98
332.5000,1573.1,1602.71,1631.43,1629.48,1624.89,1618.58,1617.7,1608.41,1604.7,1593.48,1585.08
333.0000,1606.44,1635.12,1662.93,1660.28,1654.01,1646.67,1644.76,1634.38,1629.91,1617.23,1607.64
333.5000,1630.79,1658.83,1686.75,1682.85,1675.76,1666.81,1664.29,1652.94,1648.67,1635.12,1624.23
334.0000,1663.15,1689.82,1717.11,1712.14,1704.47,1693.67,1690.57,1677.88,1672.97,1657.64,1645.96
334.5000,1690.03,1715.24,1742.32,1736.22,1727.44,1715.95,1711.86,1698.28,1692.66,1676.33,1663.73
335.0000,1717.65,1742.85,1770.1,1762.11,1752.62,1740.17,1734.81,1719.96,1713.61,1696.56,1683
335.5000,1742.13,1767.89,1794.17,1785.87,1775.25,1761.74,1755.66,1738.81,1732.31,1714.07,1699.23
336.0000,1769.1,1795.08,1820.38,1811.31,1798.94,1784.42,1777.71,1759.5,1752.26,1732.96,1717.22
336.5000,1792.77,1819.42,1843.81,1834.11,1820.84,1804.58,1796.87,1777.99,1769.66,1750.01,1732.68
337.0000,1818.69,1845.11,1868.72,1857.65,1843.61,1826.13,1817.45,1797.77,1788.19,1767.69,1749.75
337.5000,1845.84,1872.94,1895.26,1882.61,1867.78,1848.88,1839.36,1817.92,1807.54,1786.41,1767.82
338.0000,1866.45,1893.07,1914.71,1901.49,1885.11,1865.25,1854.79,1832.89,1821.4,1799.99,1779.87
338.5000,1892.11,1918.69,1939.18,1925.98,1908.11,1887.37,1874.57,1851.8,1839.65,1817.44,1796.75
339.0000,1913.55,1939.71,1959.22,1945.72,1926.93,1904.11,1891.48,1867.42,1854,1830.92,1810.39
339.5000,1936.47,1962.3,1980.44,1966.92,1947.14,1922.85,1909.01,1883.88,1869.82,1845.35,1824.32
340.0000,1955.87,1981.8,1998.52,1984.96,1964.9,1939.34,1924.14,1897.98,1883.66,1858.43,1835.94
340.5000,1976.9,2002.74,2018.7,2004.8,1982.41,1956.42,1940.81,1912.91,1898.01,1871.92,1848.51
341.0000,1996.11,2020.88,2036.37,2022.31,1998.17,1972.46,1954.61,1925.54,1910.31,1883.79,1859.31
341.5000,2015.41,2040.56,2055.47,2040.42,2015.45,1987.93,1969.93,1940.21,1923.14,1895.64,1871.14
342.0000,2036.95,2061.42,2074.79,2059.18,2033.44,2004.09,1984.8,1954.08,1936.36,1907.89,1882.43
342.5000,2052.51,2075.99,2089.39,2072.29,2046.17,2015.48,1995.72,1963.96,1945.48,1917.09,1890.7
343.0000,2072.1,2095.02,2106.89,2089.89,2062.09,2030.87,2009.57,1976.41,1958.22,1928.26,1899.89
343.5000,2087.36,2109.99,2120.75,2103.24,2074.49,2042.68,2020.61,1986.23,1967.42,1937.22,1907.17
344.0000,2104.04,2125.99,2136.17,2118.16,2087.23,2055.18,2031.94,1996.76,1976.99,1945.95,1915.01
344.5000,2117.15,2139.21,2149.64,2130.66,2098.48,2066.16,2041.94,2005.74,1985.5,1953.69,1921.39
345.0000,2131.28,2153.22,2163.8,2142.74,2109.99,2077.36,2052.77,2015.39,1993.63,1961.2,1928.25
345.5000,2143.97,2165.19,2175.4,2152.83,2119.96,2086.77,2061.65,2023.17,2000.92,1968.31,1933.78
346.0000,2157.09,2177.77,2186.46,2163.22,2130.14,2096.97,2070.47,2030.08,2008.11,1975,1939.6
346.5000,2170.53,2190.84,2198.76,2174.55,2140.36,2106.68,2079.72,2037.62,2015.28,1981.54,1944.53
347.0000,2180.55,2200.64,2208.68,2183.11,2148.54,2114.28,2086.19,2042.75,2020.51,1986.18,1948.86
347.5000,2191.89,2210.94,2218.35,2192.36,2156.05,2121.74,2093.05,2048.41,2025.1,1990.66,1953.05
348.0000,2201.25,2219.2,2226.05,2199.46,2163.31,2128.48,2098.25,2053.01,2029.54,1993.96,1956.35
348.5000,2211.08,2227.88,2234.12,2206.9,2170.09,2134.33,2103.59,2057.61,2033.04,1997.69,1958.94
349.0000,2219.07,2235.67,2241.04,2212.17,2175.36,2139.43,2107.43,2061.59,2035.84,2000.39,1961.32
349.5000,2226.99,2243.32,2248.44,2218.7,2181.11,2144.75,2111.19,2065.67,2039.06,2003.35,1963.23
350.0000,2234.82,2251.35,2254.53,2225.24,2185.36,2149.44,2114.5,2068.83,2041.31,2005.03,1963.95
350.5000,2241.16,2257.19,2259.95,2229.96,2189.24,2151.52,2116.53,2070.23,2042.59,2005.16,1965.07
351.0000,2246.42,2263.18,2265.76,2234.09,2193.42,2154.42,2118.55,2072.79,2043.69,2006.25,1965.33
351.5000,2251.73,2267.21,2269.48,2237.72,2196.02,2156.56,2120.5,2074.35,2044.37,2006,1964.73
352.0000,2256.56,2271.67,2272.94,2240.37,2198.02,2158.66,2121.7,2074.86,2044.59,2005.54,1963.86
352.5000,2259.31,2275.16,2275.41,2242.19,2199.72,2159.42,2121.72,2074.46,2043.92,2005.35,1962.95
353.0000,2263.11,2278.24,2277.23,2243.6,2200.67,2159.66,2122.51,2074.19,2042.57,2004.61,1960.85
353.5000,2265.77,2280.28,2278.41,2244.81,2200.72,2159.74,2121.81,2073.76,2041.2,2002.67,1959.58
354.0000,2267.82,2281.72,2279.33,2245.11,2200.76,2159.5,2120.92,2072.45,2038.59,2000.34,1956.48
354.5000,2269.24,2281.86,2279.02,2244.9,2199.96,2158.66,2119.16,2069.91,2035.78,1997.01,1952.82
355.0000,2270.27,2281.78,2278.16,2244.12,2198.92,2157.63,2117.83,2067.47,2033.89,1994.17,1949.26
355.5000,2271.06,2281.26,2277.95,2243.41,2197.4,2155.37,2115.13,2064.7,2030.83,1990.31,1944.96
356.0000,2270.33,2280.16,2276.75,2241.34,2195.34,2153.51,2112,2061.43,2027.47,1986.2,1941.55
356.5000,2270.14,2279.21,2275.31,2238.76,2193.05,2150.12,2108.67,2058.04,2023.47,1981.07,1936.35
357.0000,2267.87,2277.28,2273.08,2235.43,2189.55,2146.55,2103.83,2053.63,2018.34,1976.21,1930.38
357.5000,2265.85,2274.97,2271.06,2231.84,2186.41,2142.98,2100.49,2049.85,2013.56,1971.36,1925.11
358.0000,2263.34,2271.16,2268.82,2227.78,2181.48,2137.77,2095.88,2044.35,2007.43,1964.53,1919.12
358.5000,2260.11,2266.99,2264.95,2223.03,2176.32,2132.56,2089.92,2038.46,2000.92,1957.95,1912.33
359.0000,2256.88,2263.51,2260.9,2217.89,2172.4,2127.33,2084.73,2033.29,1994.8,1951.85,1906.06
359.5000,2252.91,2258.55,2255.66,2213.05,2166.47,2121.19,2077.86,2026.13,1987.87,1945.38,1898.44
360.0000,2248.09,2253.72,2250.46,2207.6,2160.95,2114.68,2072.43,2020.22,1981.58,1938.87,1892.04
360.5000,2242.13,2247.8,2243.77,2200.9,2153.89,2108.44,2065.73,2013.81,1974.21,1930.94,1883.86
361.0000,2236.54,2241.98,2238.01,2194.62,2147.63,2101.84,2058.81,2007.14,1966.61,1923.48,1876.88
361.5000,2229.8,2233.97,2230.22,2186.12,2139.04,2093.4,2050.16,1998.79,1957.16,1913.64,1868.15
362.0000,2222.2,2226.38,2222.5,2177.54,2131.44,2085.64,2041.77,1990.01,1948.67,1905.11,1858.84
362.5000,2215.36,2219.65,2214.62,2169.79,2124.32,2077.88,2033.07,1981.37,1940.01,1896.88,1850.64
363.0000,2207.57,2212.05,2206.41,2161.06,2115.74,2068.75,2022.7,1971.9,1930.7,1887.3,1840.81
363.5000,2199.4,2203.96,2198.16,2153.05,2107.3,2060.31,2013.36,1963.12,1921.81,1878.13,1832.23
364.0000,2190.61,2194.36,2189.66,2143.66,2097.43,2050.67,2003.5,1953.64,1911.71,1867.67,1822.04
364.5000,2181.74,2185.87,2180.75,2134.22,2088.35,2041.43,1993.43,1944.29,1901.88,1858.25,1812.47
365.0000,2170.63,2174.21,2169.63,2122.57,2076.75,2028.98,1981.43,1933.15,1889.97,1846.37,1800.42
365.5000,2159.49,2162.97,2159.55,2111.78,2066.02,2017.57,1970.3,1921.61,1879.84,1835.58,1788.84
366.0000,2149.35,2153.18,2149.59,2101.66,2054.93,2006.41,1959.76,1909.97,1869.65,1825.26,1778.16
366.5000,2137.48,2141.18,2137.42,2089.66,2042.8,1993.98,1948.12,1897.63,1857.91,1812.84,1766.45
367.0000,2126.26,2130.04,2126.23,2078.37,2031.49,1981.53,1937.3,1886.11,1846.66,1801.53,1755.15
367.5000,2112.73,2115.38,2111.59,2063.44,2016.85,1966.2,1923.59,1871.58,1832.99,1786.92,1741.64
368.0000,2100.22,2102.08,2098.1,2049.62,2003.86,1953.45,1909.71,1858.14,1819.64,1774.23,1728.37
368.5000,2087.95,2089.31,2084.47,2036.78,1991.09,1941.45,1898.16,1846.07,1807.68,1762.29,1716.33
369.0000,2074.18,2075.18,2069.12,2022.21,1976.01,1927.42,1884.12,1831.74,1793.78,1748.1,1702.27
369.5000,2060.94,2062.48,2055.61,2008.29,1962.95,1914.57,1870.87,1818.6,1780.17,1735.54,1689.6
370.0000,2046.37,2047.57,2040.28,1993.67,1947.75,1899.22,1855.97,1804.55,1765.19,1720.71,1674.88
370.5000,2032.71,2033.06,2025.78,1980.32,1933.87,1885.44,1843.08,1791.53,1752.27,1706.86,1660.84
371.0000,2015.79,2015.75,2008.59,1962.9,1917.02,1868.23,1825.34,1774.53,1735.81,1689.81,1644.46
371.5000,2000.23,1999.28,1992.54,1946.43,1900.7,1852.56,1808.75,1758.66,1719.89,1674.89,1629.4
372.0000,1985.19,1984.18,1977.82,1931.61,1885.61,1837.87,1793.55,1744.34,1705.75,1660.55,1615.84
372.5000,1968.42,1967.79,1960.61,1914.5,1868.82,1820.39,1776.6,1727.75,1689.92,1644.37,1600.41
373.0000,1952.47,1951.8,1945.21,1899.2,1853.45,1804.69,1760.84,1712.49,1674.56,1629.32,1586.34
373.5000,1933.5,1932.36,1924.96,1879.6,1834.4,1786.14,1742.94,1694.18,1656.16,1611.97,1568.59
374.0000,1915.54,1914.81,1906.43,1861.9,1816.49,1768.37,1725.68,1677.51,1639.6,1595.61,1552.01
374.5000,1898.7,1898.42,1889.14,1845.06,1799.52,1752.46,1709.32,1661.76,1624.26,1580.71,1537.64
375.0000,1880.04,1879.22,1870.24,1826.92,1780.62,1734,1691.78,1643.91,1607.43,1563.65,1521.45
375.5000,1862.93,1861.73,1852.38,1809.97,1763.81,1717.65,1675.2,1627.69,1591.67,1548.48,1506.64
376.0000,1842.92,1841.12,1830.15,1788.22,1743.15,1697.98,1655.92,1608.71,1571.78,1530.19,1488.1
376.5000,1823.73,1822.01,1810.54,1768.75,1724.13,1679.05,1637.63,1590.5,1553.61,1512.6,1470.54
377.0000,1805.62,1803.87,1792.24,1750.93,1706.38,1661.48,1620.91,1574.3,1537.55,1496.07,1454.95
377.5000,1785.52,1784.16,1772.3,1730.88,1686.31,1642.53,1601.92,1556.4,1519.43,1479.02,1437.57
378.0000,1768.14,1765.92,1753.69,1713.01,1667.85,1625.19,1584.22,1539.67,1502.8,1462.98,1421.62
378.5000,1745.96,1743.66,1731.27,1691.12,1646.46,1603.74,1563.23,1518.51,1482.78,1444.08,1402.52
379.0000,1726.06,1723.6,1710.9,1670.74,1626.31,1584.46,1543.62,1500.01,1464.45,1426.48,1384.88
379.5000,1707.36,1705.25,1692.29,1652.95,1607.95,1566.54,1525.89,1483.2,1448.1,1410.22,1368.99
380.0000,1686.93,1684.9,1671.11,1632.53,1587.9,1546.6,1506.48,1464.17,1430.02,1392.03,1351.28
380.5000,1667.93,1665.99,1652.06,1613.74,1569.55,1528.52,1489.03,1447.41,1413.27,1375.27,1335.45
381.0000,1645.59,1642.57,1628.45,1591.28,1548.13,1506.33,1468.83,1426.79,1392.8,1355.95,1316.23
381.5000,1625.03,1621.45,1607.67,1570.49,1527.73,1485.79,1449.26,1407.65,1374.02,1337.61,1297.71
382.0000,1606.18,1602.19,1588.2,1551.47,1508.84,1467.37,1431.62,1389.95,1356.55,1321.07,1281.28
382.5000,1585.64,1582.02,1566.44,1531.36,1488.77,1448.06,1412.37,1370.81,1338.39,1302.86,1263.1
383.0000,1566.58,1562.9,1546.55,1513.09,1469.96,1430.17,1394.39,1353.45,1321.31,1286.53,1247
383.5000,1543.7,1539.88,1522.67,1489.81,1447.12,1408.18,1372.97,1334.31,1300.48,1266.38,1227.79
384.0000,1522.48,1518.82,1501.21,1469.17,1426.86,1388.8,1353.01,1315.26,1282.51,1248.17,1209.98
384.5000,1503.43,1500.04,1482.34,1450.2,1408.99,1371.02,1335.31,1297.95,1265.62,1231.58,1193.87
385.0000,1482.17,1478.71,1461.37,1429.99,1389.17,1351.57,1315.81,1278.91,1246.67,1213.97,1176.22
385.5000,1462.92,1460.18,1442.03,1411.02,1370.77,1333.43,1298.36,1262.33,1229.8,1197.4,1159.53
386.0000,1439.9,1437.23,1419.46,1388.15,1348.44,1311.32,1277.54,1241.12,1209.89,1177.37,1140.79
386.5000,1418.29,1416.29,1398.81,1367.62,1328.35,1292.09,1258.61,1221.99,1191.28,1159.6,1122.82
387.0000,1399.02,1397.55,1380.19,1348.88,1310.67,1274.58,1241.31,1205.18,1174.77,1142.62,1107.09
387.5000,1378,1376.38,1359.41,1328.58,1291.05,1255.53,1222.59,1186.52,1156.62,1124.67,1090.03
388.0000,1358.89,1357.07,1341.13,1309.88,1273.12,1237.77,1205.22,1169.39,1139.94,1108.65,1075.07
388.5000,1336.34,1334.35,1318.68,1287.37,1251.97,1216.79,1184.24,1149.44,1120.64,1089.37,1056.9
389.0000,1315.32,1313.7,1298.44,1267.78,1232.32,1197.77,1165.66,1131.39,1102.96,1071.95,1039.7
389.5000,1296.9,1295.19,1280,1249.14,1214.53,1179.91,1149.74,1114.74,1086.95,1056.15,1024.05
390.0000,1275,1272.25,1257.6,1227.38,1193.33,1160.39,1129.71,1095.51,1067.47,1038,1005.13
390.5000,1257.99,1255.5,1241.23,1211.07,1178.06,1145.11,1114.91,1081.49,1053.01,1023.97,991.262
391.0000,1236.07,1233.57,1219.8,1189.89,1156.92,1125.01,1094.89,1062.16,1034.35,1005.95,973.943
391.5000,1216.19,1213.83,1200.11,1170.39,1138.1,1106.16,1076.92,1044.13,1017.4,989.075,958.142
392.0000,1198.09,1195.64,1182.08,1152.27,1121.58,1089.54,1060.98,1028.08,1001.99,973.726,943.425
392.5000,1176.51,1174.35,1161.1,1130.88,1101.19,1069.81,1041.79,1009.1,983.971,956.334,925.605
393.0000,1161.07,1158.05,1145.02,1115.36,1086.36,1054.51,1027.38,995.185,970.355,943.221,912.741
393.5000,1139.52,1136.91,1124.85,1095.06,1066.04,1034.42,1008.09,976.417,952.808,925.29,894.926
394.0000,1120.13,1117.75,1106.16,1076.61,1047.93,1016.96,990.432,960.015,936.494,909.121,879.595
394.5000,1102.7,1100.27,1089.16,1059.86,1031.29,1001.29,974.769,944.944,922.128,894.992,865.787
395.0000,1082.44,1080.09,1068.56,1039.69,1012.38,982.425,956.563,925.834,904.98,877.576,849.283
395.5000,1063.69,1061.1,1050.37,1021.92,995.162,965.746,939.737,909.637,888.929,861.855,834.544
396.0000,1047.05,1044.28,1033.82,1005.67,979.972,950.29,924.85,894.973,874.384,847.883,821.186
396.5000,1026.28,1023.91,1013.73,986.692,961.419,931.994,907.095,877.404,857.404,830.722,804.861
397.0000,1011.8,1009.09,999.057,972.195,947.789,918.45,894.208,863.973,844.922,818.515,792.862
397.5000,992.062,989.04,979.608,953.622,929.297,899.974,876.939,846.834,828.396,802.555,777.314
398.0000,974.839,971.456,961.814,936.655,912.3,883.363,860.977,831.737,813.091,787.501,762.991
398.5000,959.194,956.07,946.491,921.595,896.61,868.926,846.565,817.658,799.484,774.479,749.773
399.0000,939.873,937.033,927.98,903.101,878.795,852.119,829.829,801.494,783.108,758.541,734.957
399.5000,922.386,920.198,910.95,886.4,863.369,836.026,814.795,786.595,768.633,744.773,721.822
400.0000,906.566,904.083,895.869,871.02,849.041,821.629,801.335,773.331,755.498,731.975,709.72
400.5000,891.375,888.922,880.965,856.1,835.175,807.429,787.529,760.289,742.676,719.061,697.279
401.0000,874.934,872.777,864.871,839.944,819.932,792.447,773.204,746.025,728.676,705.458,683.934
401.5000,857.104,855.348,847.305,822.847,803.386,776.373,757.33,730.62,713.433,691.095,669.957
402.0000,841.462,839.124,831.066,807.131,788.42,761.633,743.251,716.786,699.82,677.746,657.149
402.5000,826.967,824.793,816.381,792.974,774.435,748.673,730.415,704.448,688.03,665.704,645.897
403.0000,810.256,807.332,799.896,776.693,758.129,733.286,715.739,689.658,673.574,651.606,632.588
403.5000,794.695,791.738,784.517,762.134,743.667,719.26,701.851,676.617,660.814,639.091,620.414
404.0000,780.978,777.665,770.564,748.918,730.551,706.661,689.436,664.724,648.936,628.067,609.55
404.5000,767.496,763.892,757.197,736.023,717.756,693.904,676.941,652.943,637.516,617.002,598.653
405.0000,752.883,749.129,742.651,721.764,703.906,680.252,663.295,640.068,625.282,605.201,587.158
405.5000,736.797,733.075,726.968,706.815,689.058,665.511,648.846,626.252,612.26,592.178,574.495
406.0000,723.788,720.083,713.966,694.346,677.071,653.537,637.437,614.897,601.075,581.677,564.255
406.5000,709.49,706.223,699.966,680.833,663.764,640.431,624.893,602.766,589.572,570.27,553.075
407.0000,694.102,690.973,684.933,665.958,649.167,627.035,611.145,589.563,577.094,557.912,541.225
407.5000,680.367,678.043,671.414,652.794,636.203,614.346,598.971,577.835,565.704,546.57,530.669
408.0000,667.868,666.114,659.651,640.777,624.972,602.985,588.118,567.252,555.594,536.745,521.434
408.5000,653.571,651.828,644.958,626.89,611.141,589.711,575.362,554.856,543.65,524.641,509.873
409.0000,642.822,640.737,633.834,616.421,600.677,580.079,565.822,545.743,534.734,515.957,500.807
409.5000,628.649,626.915,620.362,603.603,587.21,567.473,553.564,534.475,522.852,504.795,489.527
410.0000,617.138,615.471,608.809,592.949,576.477,556.956,543.296,524.73,513.025,495.596,480.226
410.5000,604.311,603.449,596.488,581.172,565.026,545.963,532.075,513.99,502.508,485.299,470.293
411.0000,590.733,590.093,583.276,568.329,552.671,534.12,520.462,502.659,491.319,474.348,459.895
411.5000,579.708,579.095,572.168,557.913,542.411,524.107,510.91,492.977,482.548,465.621,451.412
412.0000,567.587,567.485,560.198,546.297,531.756,513.386,500.533,482.602,472.512,456.083,442.172
412.5000,554.842,554.779,548.002,533.959,519.788,501.793,489.619,471.994,461.705,446.04,432.749
413.0000,543.599,543.291,536.984,522.97,509.235,491.528,479.502,462.371,452.498,436.896,423.651
413.5000,533.458,533.381,527.049,512.966,499.409,482.333,470.381,453.923,444.261,428.66,415.949
414.0000,521.738,521.593,515.205,501.163,487.991,471.576,459.644,443.752,434.024,419.061,407.023
414.5000,512.733,512.708,506.23,492.978,479.613,463.728,451.937,436.206,426.546,412.054,399.995
415.0000,501.169,501.325,494.411,481.572,469.043,453.231,441.439,426.377,416.612,402.355,391.124
415.5000,491.456,491.847,485.385,472.283,460.242,444.847,433.49,418.431,408.932,395.233,383.474
416.0000,481.097,481.206,475.397,462.417,451.083,435.585,424.859,410.065,400.42,387.198,375.382
416.5000,470.385,470.642,464.019,451.848,440.723,425.53,414.996,400.799,391.773,378.506,366.749
417.0000,461.441,461.733,454.905,443.134,432.318,417.77,406.813,392.936,384.391,371.277,359.783
417.5000,452.09,452.17,445.166,433.959,423.047,409.114,398.189,384.676,376.362,363.8,352.269
418.0000,441.636,441.644,434.84,424.156,413.21,399.825,389.123,375.859,367.975,355.784,344.479
418.5000,432.971,433.095,426.492,416.056,405.293,391.975,381.942,368.786,360.939,348.809,338.043
419.0000,423.914,423.753,417.528,406.898,396.466,383.498,373.843,361.15,353.135,341.544,330.885
419.5000,414.036,413.912,407.938,397.933,387.01,374.682,365.22,352.654,344.768,333.966,323.394
420.0000,405.276,405.237,399.118,389.649,378.869,366.895,357.482,345.38,337.535,326.761,316.282
420.5000,397.316,397.553,391.213,382.182,371.525,359.839,350.39,338.622,331.035,320.471,310.314
421.0000,388.034,388.222,381.969,373.275,362.868,351.617,342.104,330.612,323.373,312.961,303.012
421.5000,381.413,381.559,375.541,366.588,356.613,345.249,336.086,324.896,317.641,307.665,297.7
422.0000,372.814,372.489,367.002,357.723,348.441,337.192,328.38,317.435,310.331,300.26,290.835
422.5000,364.002,363.66,358.488,349.468,340.29,329.082,320.891,310.086,303.211,293.174,283.945
423.0000,357.702,357.354,352.091,342.89,334.309,323.504,315.383,304.773,297.8,287.886,278.723
423.5000,349.054,349.475,344.315,334.698,326.088,315.897,307.946,297.724,290.687,281.53,271.929
424.0000,342.381,342.744,337.546,328.138,319.804,309.795,302.208,291.787,284.886,276.218,266.602
424.5000,335.054,335.329,329.95,321.128,313.026,303.05,295.692,285.451,278.503,270.197,261.327
425.0000,327.155,327.009,322.202,313.754,305.738,295.907,288.923,278.682,271.96,263.666,255.357
425.5000,320.711,320.212,315.666,307.661,299.468,290.002,282.978,273.084,266.726,258.498,250.505
426.0000,313.769,313.09,308.647,300.872,292.835,283.658,276.773,267.11,260.627,252.94,245.26
426.5000,306.117,305.768,301.262,293.876,286,277.03,270.011,260.639,254.575,247.285,239.716
427.0000,300.069,299.711,295.125,287.774,280.743,271.559,264.81,255.263,249.629,242.477,235.095
427.5000,293.372,292.936,288.678,281.265,274.603,265.63,259.147,249.797,244.393,237.113,230.316
428.0000,286.646,285.867,281.682,274.611,268.067,259.383,253.147,244.159,238.508,231.505,225.187
428.5000,281.066,280.264,275.74,268.977,262.742,254.513,248.018,239.339,233.849,227.279,220.558
429.0000,274.744,274.074,269.493,263.092,257.066,248.962,242.903,234.094,228.649,222.519,215.744
429.5000,268.129,267.458,262.91,256.567,250.706,243.021,237.217,228.625,223.079,216.965,210.355
430.0000,262.803,262.029,257.551,251.561,245.694,238.201,232.513,224.111,218.536,212.884,206.26
430.5000,256.91,256.268,251.747,246.017,240.143,233.004,227.43,219.392,213.591,208.313,201.904
431.0000,250.66,250.218,245.351,240.16,234.571,227.235,221.927,213.991,208.487,203.436,196.976
431.5000,245.564,245.232,240.478,235.337,229.967,222.657,217.657,209.645,204.632,199.575,193.113
432.0000,239.981,239.697,235.032,230.089,224.936,217.606,212.821,205.072,200.357,195.172,188.939
432.5000,234.215,233.907,229.477,224.457,219.369,212.356,207.854,200.215,195.756,190.736,184.417
433.0000,229.581,228.909,224.575,220.012,214.842,208.143,203.436,196.019,191.96,186.76,181.086
433.5000,224.574,223.938,219.598,215.118,209.927,203.746,198.74,191.627,187.849,182.51,177.171
434.0000,219.038,218.321,214.668,209.973,205.069,198.865,194.076,186.782,183.342,178.22,172.959
434.5000,214.614,213.86,210.495,205.904,200.851,194.947,190.325,183.434,179.75,174.548,169.566
435.0000,209.766,208.892,205.908,201.362,196.274,190.608,186.081,179.478,175.766,170.48,165.881
435.5000,204.629,203.763,201.001,196.411,191.561,185.985,181.587,175.24,171.727,166.457,162.123
436.0000,200.353,199.554,196.81,192.37,187.484,182.355,177.565,171.694,168.205,163.322,158.847
436.5000,195.714,194.925,192.327,188.343,183.458,178.353,173.471,167.935,164.426,159.743,155.546
437.0000,190.49,190.187,187.479,183.574,179.033,174.045,169.258,163.714,160.578,155.971,151.642
437.5000,186.401,186.092,183.772,179.968,175.373,170.508,165.689,160.371,157.324,152.992,148.718
438.0000,182.14,181.849,179.674,175.754,171.415,166.744,161.963,156.848,154.047,149.73,145.544
438.5000,177.817,177.362,175.283,171.513,167.504,162.753,158.133,153.335,150.354,146.164,142.372
439.0000,174.145,173.73,171.747,167.987,164.083,159.634,154.906,150.136,147.287,143.273,139.627
439.5000,170.231,169.908,167.707,164.419,160.157,156.076,151.315,146.954,144.066,140.433,136.641
440.0000,166.035,165.692,163.656,160.34,156.182,152.459,147.623,143.449,140.542,137.141,133.445
440.5000,162.751,162.225,160.26,157.179,152.954,149.276,144.544,140.351,137.745,134.462,131.13
441.0000,159.077,158.309,156.618,153.605,149.755,146.067,141.4,137.218,134.814,131.528,128.454
441.5000,154.897,154.217,152.776,149.784,145.965,142.504,138.038,134.04,131.611,128.381,125.563
442.0000,151.677,151.127,149.716,146.688,142.978,139.639,135.208,131.434,129.029,125.76,122.979
442.5000,148.044,147.599,146.333,143.353,139.899,136.589,132.209,128.732,126.285,123.065,120.207
443.0000,144.378,143.984,142.763,139.86,136.568,133.558,129.349,125.522,123.336,119.997,117.302
443.5000,141.409,141.012,140.017,136.997,133.916,130.847,126.807,123.063,121.079,117.753,114.921
444.0000,138.032,137.484,136.731,133.705,130.761,127.637,123.888,120.155,118.235,114.866,112.183
444.5000,134.762,134.034,133.501,130.682,127.493,124.757,120.939,117.532,115.452,112.316,109.801
445.0000,131.413,130.59,130.233,127.377,124.402,121.649,118.055,114.756,112.715,109.635,107.149
445.5000,128.664,127.755,127.695,124.902,121.753,119.165,115.756,112.345,110.602,107.36,105.167
446.0000,125.691,124.751,124.952,122.134,119.155,116.417,113.265,109.889,108.231,104.929,102.883
446.5000,122.814,121.643,121.939,119.064,116.32,113.605,110.221,107.197,105.618,102.519,100.736
447.0000,120.376,118.984,119.474,116.694,113.97,111.296,107.991,105.211,103.617,100.572,98.8612
447.5000,117.632,116.244,116.664,114.088,111.376,108.805,105.533,102.979,101.464,98.2622,96.6862
448.0000,114.496,113.277,113.806,111.299,108.639,106.159,103.012,100.363,99.1407,96.0545,94.3825
448.5000,112.064,110.795,111.563,108.992,106.408,104.134,100.924,98.3082,97.1686,94.1196,92.7398
449.0000,109.327,108.168,109.07,106.691,104.032,101.912,98.6683,96.1956,95.0965,92.0916,90.757
449.5000,106.624,105.406,106.5,104.067,101.55,99.5809,96.2868,93.907,92.8697,89.8376,88.645
450.0000,104.22,103.248,104.488,102.049,99.5617,97.5235,94.3875,92.0113,91.0493,88.0949,86.9024
